developer,2021-02-01,2021-03-01,2021-04-01,2021-05-01,2021-06-01,2021-07-01,2021-08-01,2021-09-01,2021-10-01,2021-11-01,2021-12-01,2022-01-01
dev_3runoDesign,0,0,0,0,0,0,0,0,0,0,0,2
dev_moroshko,0,0,0,0,0,1,0,0,0,0,0,0
dev_qinchenno1,0,0,0,0,0,0,0,0,3,0,0,0
dev_Plasmadog,0,0,0,0,0,0,0,0,1,0,0,0
dev_fr3nzy,0,0,0,0,0,0,0,0,0,0,0,1
dev_sebwongatnorthone,0,0,0,0,0,0,0,0,0,0,0,1
dev_Evavic44,0,0,0,0,0,0,0,0,0,1,0,0
dev_aravikanti,0,1,0,0,0,0,0,0,0,0,0,0
dev_notmedia,0,0,0,0,3,0,0,0,0,0,0,0
dev_dougwilson,0,0,0,0,0,0,0,0,2,0,31,0
dev_bbarry,0,1,0,0,0,0,0,0,0,0,0,0
dev_runk,0,0,0,7,12,9,0,0,0,2,0,0
dev_crazko,0,0,1,0,0,0,0,0,0,0,0,0
dev_AbolfazlHeidarpour,0,0,0,0,0,0,0,0,0,0,0,2
dev_CWSites,0,0,0,2,0,0,0,0,0,0,0,0
dev_kmagiera,5,2,0,0,3,0,0,0,0,0,28,31
dev_JuanSeBestia,0,0,0,0,0,1,0,0,0,0,0,0
dev_scott-schibli,0,0,0,0,1,0,0,0,0,0,0,0
dev_odidev,0,1,2,0,0,0,0,0,0,0,0,0
dev_AnubisAwooo,0,0,0,0,0,0,0,0,0,0,0,1
dev_kendallroth,0,0,0,0,0,0,0,0,0,0,2,0
dev_waqashsn,0,0,0,0,1,0,0,0,0,0,0,0
dev_Reomar,0,0,0,0,0,1,0,0,0,0,0,0
dev_howel52,1,0,0,0,0,0,0,0,0,0,0,0
dev_Bayramito,0,0,0,0,0,0,0,0,1,0,0,0
dev_janesser,0,0,0,0,0,0,0,1,0,0,0,0
dev_chenasraf,0,2,1,0,0,0,0,0,0,0,0,0
dev_kroko,0,0,3,0,0,0,0,0,0,0,0,0
dev_ievgennaida,0,0,0,0,0,2,0,0,0,0,0,0
dev_yemd,0,0,0,0,0,0,0,0,0,0,2,0
dev_spyro2000,0,0,0,0,1,0,0,0,0,0,0,0
dev_jenskuhrjorgensen,6,0,0,0,0,0,0,0,0,0,0,0
dev_marcinmajkowski,0,0,0,0,1,0,0,0,0,0,0,0
dev_sayantan300,0,0,0,0,0,0,1,0,0,0,0,0
dev_AjiTae,0,0,0,0,0,0,0,0,0,1,0,0
dev_bkhurjawal,0,0,0,0,0,0,0,0,1,0,0,0
dev_zhaoyao91,1,0,0,0,0,0,0,0,0,0,0,0
dev_amanda-t,0,0,0,0,0,0,1,0,0,0,0,0
dev_ardenpm,0,0,0,0,0,0,0,0,0,0,1,0
dev_adriankwiat,0,1,0,0,0,0,0,0,0,0,0,0
dev_yleflour,0,0,0,1,0,0,0,0,0,0,0,0
dev_IN25,0,0,0,0,2,0,0,0,0,0,0,0
dev_Th3S4mur41,0,0,0,0,0,1,1,1,0,0,0,0
dev_PodaruDragos,0,0,0,0,0,0,0,0,0,0,1,0
dev_jenschr,0,0,0,0,0,1,0,0,0,0,0,0
dev_mcaden,0,0,0,0,0,1,0,0,0,0,0,0
dev_Tofugrass,0,0,0,0,0,0,0,0,1,0,0,0
dev_exneval,0,1,0,0,0,0,0,0,0,0,0,0
dev_skyh,0,0,0,0,0,0,0,3,0,0,0,0
dev_youngbob,0,2,0,0,0,0,0,0,0,0,0,0
dev_hardik-wts,0,0,0,0,0,0,1,0,0,0,0,0
dev_XhmikosR,0,3,0,0,0,0,0,0,0,0,0,4
dev_wraithgar,0,1,0,0,0,0,0,0,2,4,0,0
dev_HipsterZipster,0,0,0,2,1,0,0,0,0,0,0,0
dev_jack828,0,0,0,1,0,0,0,0,0,0,0,0
dev_tecfu,0,0,0,0,27,0,0,0,0,0,0,0
dev_best-lucky1030,0,0,0,0,0,0,0,0,0,0,1,0
dev_skylarmb,0,0,0,0,1,0,0,0,1,0,0,0
dev_micaelmbagira,0,1,0,0,0,0,0,0,0,0,0,0
dev_nickmccurdy,0,0,0,0,0,0,3,0,0,0,0,0
dev_cesarsousa3,0,0,0,0,0,0,0,0,0,0,0,1
dev_anabeatrizzz,0,0,0,0,0,0,0,2,0,0,0,0
dev_mikerockett,0,0,0,1,0,0,0,0,0,0,0,0
dev_cap-Bernardito,0,0,0,0,3,0,0,0,0,0,0,0
dev_aleksandervalle,0,0,0,0,0,0,0,1,0,0,0,0
dev_maxmil7,0,0,0,0,0,0,0,1,0,0,0,0
dev_leo0grau,0,0,0,0,0,0,2,0,0,0,0,0
dev_cristianoccazinsp,0,1,0,0,0,0,0,0,0,0,0,4
dev_zWingz,0,0,0,1,0,1,0,0,0,0,0,0
dev_rohitninawe,0,0,0,0,0,1,0,0,0,0,0,0
dev_alamothe,0,0,0,0,0,0,0,0,0,0,1,0
dev_chamin96,0,0,0,0,0,0,0,0,1,0,0,0
dev_osdiab,0,0,0,0,0,1,1,0,0,0,0,0
dev_GilgameshxZero,1,0,0,0,0,0,0,0,0,0,0,0
dev_analytik,0,0,0,3,2,0,0,0,0,0,0,0
dev_lgaticaq,0,1,0,0,0,0,0,0,0,0,0,0
dev_OlliV,0,0,0,0,0,2,0,0,0,0,0,0
dev_wschacker,0,0,0,0,0,0,0,0,0,0,1,0
dev_SarahLyu,0,0,0,0,0,0,0,0,1,0,0,0
dev_polarbirke,0,0,0,0,0,0,0,0,0,0,0,2
dev_harika-sabbella,0,1,0,0,0,0,0,0,0,0,0,0
dev_danny-wang,0,0,0,0,2,1,0,0,0,0,0,0
dev_MitchK,0,0,0,0,0,0,0,0,0,0,1,0
dev_Prajapatisantu,0,0,0,0,0,0,0,0,0,0,2,0
dev_ilkkao,0,0,0,0,2,0,0,0,0,0,0,0
dev_joaofranciscosantos,0,0,3,0,0,0,0,0,0,0,0,0
dev_tehandyb,0,0,0,0,0,0,0,0,2,0,0,0
dev_cameronmbacon,0,1,0,0,0,0,0,0,0,0,0,0
dev_jdtzmn,2,2,0,0,0,0,0,0,0,0,0,0
dev_piaskowyk,0,0,0,0,0,0,0,0,1,0,0,18
dev_denis-sokolov,0,0,3,2,0,0,0,0,0,0,0,0
dev_FRizzonelli,0,0,1,0,0,0,0,0,0,0,0,0
dev_EvanXzj,0,0,0,0,0,3,0,0,2,0,0,0
dev_frarillotta,0,0,0,0,0,0,2,0,0,0,0,0
dev_chron0,1,0,0,0,0,0,0,0,0,0,0,0
dev_pinalbhatt,0,0,3,1,0,0,0,0,0,0,0,0
dev_CharlesStover,0,0,0,0,0,0,0,0,0,0,1,0
dev_abhijitk7,0,0,0,0,0,0,0,0,0,0,1,0
dev_lenzls,0,0,0,0,0,0,2,0,0,0,0,0
dev_mangelozzi,0,0,0,0,0,0,0,2,0,0,0,0
dev_jimisaacs,0,1,3,0,0,0,0,0,0,0,0,0
dev_bolan9999,0,0,0,0,0,0,0,0,0,1,0,0
dev_C0ZEN,0,0,0,0,0,0,0,1,0,0,0,0
dev_andreev-danila,0,0,0,0,0,0,0,1,0,0,0,0
dev_smhmd,0,0,0,0,0,0,0,0,0,0,0,3
dev_daniielgak,0,1,0,0,0,0,0,0,0,0,0,0
dev_karlhorky,0,0,0,3,0,0,0,0,0,0,0,0
dev_artemirq,0,0,0,2,0,0,0,0,0,0,0,0
dev_tminhduc2811,0,0,0,0,0,0,0,0,1,0,0,0
dev_andrewMuntyan,0,0,0,0,0,0,0,0,0,0,0,1
dev_Ton-O,1,0,0,0,0,0,0,0,0,0,0,0
dev_zmariscal,0,0,0,1,0,1,0,0,0,0,0,0
dev_jackton1,0,0,0,0,0,0,1,0,0,0,0,0
dev_jotahws,0,0,1,0,0,0,0,0,0,0,0,0
dev_Hirbod,0,0,0,0,0,0,0,0,0,0,0,14
dev_W-ChenAMG,0,0,0,0,0,0,0,0,1,0,1,0
dev_Sebi2020,0,0,0,0,0,0,0,0,0,0,0,1
dev_robd003,0,0,0,0,0,0,0,0,0,0,1,0
dev_zzzkasper-1995,1,0,0,0,0,0,0,0,0,0,0,0
dev_SwerBillionaire,0,0,0,1,0,0,0,0,0,0,0,0
dev_VelislavP,1,0,0,0,0,0,0,0,0,0,0,0
dev_benmccann,1,0,0,0,0,0,0,0,0,0,0,0
dev_rodolfo3,0,1,0,0,0,0,0,0,0,0,0,0
dev_imjordanxd,0,1,0,0,0,0,0,0,0,0,0,0
dev_juergba,0,0,0,0,0,0,1,0,0,0,0,0
dev_simonedavico,0,0,0,0,0,0,0,0,0,0,0,4
dev_vandrieu,1,1,0,0,0,0,0,0,0,0,0,0
dev_gorhom,0,2,0,0,0,0,0,0,0,0,0,1
dev_mattpfeffer,0,0,1,0,0,0,0,0,0,0,0,0
dev_GiridharKarnik,0,0,1,0,0,0,0,0,0,0,0,0
dev_BotirovElmurod,0,0,0,1,0,0,0,0,0,0,0,0
dev_MeganRook18,0,0,1,0,0,0,0,0,0,0,0,0
dev_kellyselden,0,0,0,1,0,0,0,0,0,0,0,0
dev_retorquere,0,0,0,0,0,0,0,0,0,0,0,1
dev_brittneykernan,2,0,0,0,0,0,0,0,0,0,0,0
dev_johuder33,0,1,0,0,0,0,0,0,0,0,0,0
dev_angelmgl,0,0,0,2,0,0,0,0,0,0,0,0
dev_davidlsharp1,0,1,0,0,0,0,0,0,0,0,0,0
dev_yairEO,1,0,0,0,0,0,0,0,0,0,0,0
dev_David-Chaille,0,0,0,0,0,1,0,0,0,0,0,0
dev_Elias-cug,0,0,0,0,1,0,0,0,0,0,0,0
dev_KenCorma,2,0,0,0,0,0,0,0,0,0,0,0
dev_gardengeek99,0,0,0,0,0,0,0,0,0,0,1,0
dev_Marceloasf,0,0,0,0,0,0,0,0,0,0,0,1
dev_tz4678,0,1,0,0,0,0,0,0,0,0,0,0
dev_Kaicha,0,0,0,0,0,0,0,0,0,0,0,1
dev_RicardoBrito1938,0,3,0,0,0,0,0,0,0,0,0,0
dev_dittyroma,0,0,0,0,0,3,0,0,0,0,0,0
dev_robhowell,0,0,0,1,0,0,0,0,0,0,0,0
dev_HadiKhalifeh,0,0,0,0,0,1,0,0,0,0,0,0
dev_mbrevda,0,0,0,1,0,0,0,0,0,0,0,0
dev_MarufSharifi,0,0,0,0,0,1,0,0,0,0,0,0
dev_PizzaPete,0,3,0,0,0,0,0,0,0,0,0,0
dev_vyobukhov,0,0,0,0,0,0,0,1,0,0,0,0
dev_polkovnikov-ph,0,0,0,0,0,0,0,1,0,0,0,0
dev_WoLewicki,34,15,24,0,0,0,0,0,0,0,0,1
dev_ryanblock,0,0,0,0,0,0,1,0,0,0,0,0
dev_schinery,0,1,0,0,0,0,0,0,0,0,0,0
dev_nopeless,0,0,0,0,0,0,0,0,0,0,1,4
dev_wheelmaker24,0,1,0,0,0,0,0,0,0,0,0,0
dev_aspiiire,0,0,0,0,0,0,0,0,1,0,0,0
dev_mezentsv,2,0,0,0,0,0,0,0,0,0,0,0
dev_SzNagyMisu,0,0,0,0,0,0,0,0,0,0,1,0
dev_rsnigel,0,0,0,0,0,1,0,0,0,0,0,1
dev_jmarshall9120,1,0,0,0,0,0,0,0,0,0,0,0
dev_BridgeAR,0,0,0,0,0,0,0,0,22,23,5,6
dev_PhiLhoSoft,0,0,0,0,0,0,0,1,0,0,0,0
dev_Archanamalviya,0,0,0,0,0,0,0,0,0,0,0,1
dev_JeanJoskin,0,0,0,0,0,0,1,0,0,0,0,0
dev_cbbfcd,0,0,0,0,0,0,2,0,0,2,0,0
dev_bj00rn,0,0,1,0,0,0,0,0,0,0,0,0
dev_Douglas-Hsieh,0,0,0,0,0,0,0,0,0,0,0,1
dev_Klemminn,0,0,0,1,0,0,0,0,0,0,0,0
dev_luisenricke,0,0,0,0,0,0,0,0,1,0,0,0
dev_ChristianBoehlke,0,1,0,0,0,0,0,0,0,0,0,0
dev_zackseuberling,0,0,0,0,0,0,0,1,0,0,0,0
dev_Jmolenberghs,0,0,0,0,0,0,0,2,0,0,0,0
dev_hatem-72,0,0,0,0,0,0,0,0,0,0,0,3
dev_soryuu,0,0,0,0,1,0,0,0,0,0,0,0
dev_TerrySmithDC,0,0,3,0,0,0,0,0,0,0,0,0
dev_xavierfoucrier,0,0,0,0,0,1,0,0,0,1,0,0
dev_mrtcmn,0,0,0,0,0,0,0,1,0,0,0,0
dev_mzagaja,1,0,0,0,0,0,0,0,0,0,0,0
dev_KenKluskens,0,0,0,0,0,0,0,1,0,0,0,0
dev_martpie,0,0,0,0,0,1,0,0,0,0,0,0
dev_ddolcimascolo,0,0,0,0,0,0,0,0,0,0,1,0
dev_sindresorhus,6,0,0,3,2,4,0,0,0,2,1,0
dev_mateusloubach,0,0,0,0,0,0,0,0,0,0,0,1
dev_Jytesh,0,0,0,0,0,0,0,0,0,1,0,0
dev_lukemovement,0,0,1,0,0,0,0,0,0,0,0,0
dev_Mobiletainment,0,0,1,0,0,0,0,0,0,0,0,0
dev_agraves,0,0,1,0,0,0,0,0,0,0,0,0
dev_Aisen60,0,0,0,0,0,0,0,1,0,0,0,0
dev_dragoscirjan,0,0,0,0,0,0,0,0,1,0,0,0
dev_OnkelTem,0,0,3,2,0,0,0,0,0,0,0,0
dev_flo-sch,0,0,0,8,0,0,0,0,0,0,0,0
dev_locks,3,0,0,0,0,0,0,0,0,0,0,0
dev_simonecorsi,0,0,0,0,0,1,1,0,0,0,0,0
dev_jim-at-jibba,0,2,0,0,0,0,0,0,0,0,0,0
dev_zackdotcomputer,1,4,0,0,0,0,0,0,1,0,0,0
dev_akhileshsinha,1,0,0,0,0,0,0,0,0,0,0,0
dev_mgabeler-lee-6rs,1,0,0,0,0,0,0,0,0,0,0,0
dev_benedusi,0,0,0,1,0,0,0,0,0,0,0,0
dev_pablomongo,0,0,0,0,0,0,0,0,0,0,0,1
dev_ezeeyahoo,0,0,0,1,0,0,0,0,0,0,0,0
dev_pj,0,0,0,1,0,0,0,0,0,0,0,0
dev_jeojoe,0,0,0,0,0,0,0,0,0,0,1,0
dev_KrisGerhard,0,1,0,0,0,0,0,0,0,0,0,0
dev_linden-dg,0,0,0,0,0,0,0,0,0,0,1,0
dev_rinku-k,0,0,0,0,0,0,0,0,1,0,0,0
dev_MonsterAnan,0,0,0,0,0,0,0,0,0,0,0,5
dev_Legys,0,0,1,0,0,0,0,0,0,0,0,0
dev_ammarahm-ed,0,0,0,0,0,1,0,0,0,0,0,0
dev_SimenB,0,0,2,7,44,0,0,0,7,5,22,0
dev_adelin-b,0,0,0,0,0,1,0,0,0,0,0,0
dev_dpc,0,0,3,0,0,0,0,0,0,0,0,0
dev_edwardofclt,0,0,0,0,0,0,0,0,0,0,0,1
dev_TheWirv,0,3,1,0,0,0,0,2,0,0,0,1
dev_johnhunter,0,0,0,0,1,0,0,0,0,0,0,0
dev_Heatmanofurioso,0,1,0,0,0,0,2,0,0,0,0,0
dev_tniessen,0,0,0,0,0,0,0,1,0,0,0,0
dev_deepakthankachan,0,0,0,0,0,0,2,0,0,0,0,0
dev_galgord,0,0,0,0,0,0,0,0,1,0,0,0
dev_uranium93,0,0,0,0,0,0,0,0,0,1,0,0
dev_RaisinTen,0,0,0,0,0,0,0,0,0,0,0,1
dev_kimkong88,0,0,0,0,0,0,0,0,0,0,1,0
dev_drortirosh,0,0,1,0,0,0,0,0,0,0,0,0
dev_yhlchao,0,0,0,1,0,0,0,0,0,0,0,0
dev_Humad,0,0,0,0,0,0,0,0,0,2,0,0
dev_krutoo,0,1,0,0,0,0,0,0,0,0,0,0
dev_rennehir,0,0,1,0,0,0,0,0,0,0,0,0
dev_sgup,0,0,0,0,0,0,0,0,0,0,1,0
dev_gogul-ct,0,0,0,1,0,0,0,0,0,0,0,0
dev_myckhel,0,0,0,0,0,0,0,0,0,0,0,1
dev_OmriYaHoo,1,0,0,0,0,0,0,0,0,0,0,0
dev_michalens,0,0,0,1,0,0,0,0,0,0,0,0
dev_akd-io,0,0,0,0,0,0,2,0,0,0,0,0
dev_qafoori,0,0,0,0,0,1,0,0,0,0,0,0
dev_zaneclaes,0,0,0,0,0,2,0,0,0,0,0,0
dev_fearphage,0,0,0,0,0,1,0,0,0,0,0,0
dev_cosmikwolf,0,0,0,0,0,1,0,0,0,0,0,0
dev_richardeschloss,0,0,0,0,0,0,0,0,0,0,1,0
dev_FrancescoMussi,0,0,0,0,0,0,0,0,0,0,0,1
dev_donatoaguirre24,0,2,0,0,0,0,0,0,0,0,0,0
dev_marcesdan,0,0,0,2,0,0,0,0,0,0,0,0
dev_claudiozam,0,0,0,0,0,0,0,1,0,0,0,0
dev_donnisnoni,0,1,0,0,0,0,0,0,0,0,0,0
dev_lucipacurar,1,0,0,0,0,0,0,0,0,0,0,0
dev_Torokhov,0,0,0,4,0,0,0,0,0,0,0,0
dev_ghermeto,0,0,0,5,0,0,5,0,0,0,0,0
dev_thislooksfun,0,0,0,1,0,0,1,0,0,0,0,0
dev_jonasdd,0,0,0,0,1,0,0,0,0,0,0,0
dev_olier,0,0,0,0,0,0,0,0,0,0,2,0
dev_sumitparakh,0,0,0,0,0,0,0,0,0,0,0,1
dev_antoniosb,0,0,0,0,0,1,0,0,0,0,0,0
dev_JaydenGui,0,0,0,0,0,0,2,0,0,0,0,0
dev_scousino,0,0,0,0,0,0,0,0,1,0,0,0
dev_benjamin-hodgson,0,0,0,0,0,0,0,0,0,7,7,0
dev_surfer19,0,0,0,0,0,0,0,0,0,0,1,0
dev_tsapeta,0,1,0,0,0,0,0,0,0,0,0,0
dev_skhaz,0,0,0,0,0,0,0,0,4,0,1,0
dev_pauldraper,0,0,0,0,0,0,0,0,0,0,1,0
dev_aardrian,0,0,0,0,0,0,0,0,0,1,0,0
dev_mikevercoelen,0,0,2,0,0,0,0,0,0,0,0,0
dev_Manik-ibm,0,0,0,0,0,0,0,0,0,0,1,0
dev_akxcv,0,0,0,0,1,0,0,0,0,0,0,0
dev_corny,1,0,0,0,0,0,0,0,0,0,0,0
dev_dholms,0,0,5,1,1,0,0,0,0,0,0,0
dev_michaelyohanes,0,0,1,0,0,0,0,0,0,0,0,0
dev_MickL,0,0,0,0,0,0,0,0,0,0,1,0
dev_bennett-slalom,0,0,0,1,0,0,0,0,0,0,0,0
dev_VernonHawk,0,0,0,0,0,0,0,0,0,0,0,1
dev_notaphplover,0,0,2,0,0,0,0,0,0,0,0,0
dev_b-m-f,0,0,1,0,0,0,0,0,0,0,0,0
dev_alexgleason,0,0,0,0,0,0,2,0,0,0,0,0
dev_Peredery,0,0,0,0,0,0,0,1,1,0,0,0
dev_Andarius,0,0,0,2,0,0,1,0,0,0,0,0
dev_khanveerr,0,0,1,0,0,0,0,0,0,0,0,0
dev_parreirat,1,0,0,0,0,0,0,0,0,0,0,0
dev_qapla47,3,0,0,0,0,0,0,0,0,0,0,0
dev_ddsultan,0,0,1,0,0,0,0,0,0,0,0,0
dev_ashishsiddhu,0,0,0,0,0,0,1,0,0,0,0,0
dev_kneza23,0,0,1,0,0,0,0,0,0,0,0,0
dev_2RajShaikh,0,0,0,2,0,0,0,0,0,0,0,0
dev_xeladejo,0,0,0,1,0,0,0,0,0,0,0,0
dev_Yash-Singh1,0,0,0,0,0,0,0,0,0,0,1,1
dev_Beenhakker,1,0,2,0,0,0,0,0,0,0,0,0
dev_DanielMarkiel,0,0,2,0,0,0,0,0,0,0,0,0
dev_Avrmaster,0,1,0,0,0,0,0,0,0,0,0,0
dev_Arkan4ik,0,0,0,0,0,0,0,0,0,0,0,1
dev_ukstv,0,0,5,0,0,0,0,0,0,0,0,0
dev_pavelbabenko,0,0,0,0,1,0,0,0,0,0,0,0
dev_mattjis,0,0,0,0,1,0,0,0,0,0,0,0
dev_PierrickP,4,0,0,0,0,0,0,0,1,0,0,0
dev_brysonreece,0,0,0,0,0,0,0,1,0,0,0,0
dev_clickwithclark,0,0,0,0,0,0,0,0,0,0,1,0
dev_GautierArcin,0,0,0,0,0,0,1,0,0,0,0,0
dev_eunjae-lee,0,0,0,0,0,0,3,0,0,0,0,0
dev_HeroBanana,0,0,0,0,0,0,0,0,0,0,0,5
dev_cupidchan,1,0,0,0,0,0,0,0,0,0,0,0
dev_alexolivas,1,0,0,0,0,0,0,0,0,0,0,0
dev_Fcguedes,0,0,2,0,0,0,0,0,0,0,0,0
dev_HonkingGoose,0,0,0,0,0,0,6,0,0,0,0,0
dev_WvanDam,0,0,0,0,0,0,0,0,0,0,1,0
dev_nenadfilipovic,0,4,0,0,0,0,0,0,0,0,0,0
dev_kadiraydinli,1,0,0,0,0,0,0,0,0,0,0,0
dev_yfunk,0,9,4,0,0,1,0,0,8,1,0,0
dev_jakobwak,0,0,0,1,0,0,0,0,0,0,0,0
dev_fenying,0,0,0,0,0,1,0,0,0,0,0,0
dev_will-yijinin,0,0,0,0,0,0,6,0,0,0,5,0
dev_viis233,0,0,0,0,0,0,0,0,0,0,0,1
dev_papuruth,0,0,0,0,0,0,1,0,0,0,0,0
dev_LeeMingDe,0,0,0,0,0,0,0,1,0,0,0,0
dev_planttheidea,0,0,0,3,12,0,0,11,6,0,0,0
dev_thedaviddias,0,0,0,0,0,2,0,0,0,0,0,0
dev_gdoudeng,0,0,0,0,0,3,1,0,0,0,0,0
dev_mmcxii,0,2,0,0,0,0,0,0,1,0,0,0
dev_ranisalt,0,0,0,0,0,0,1,0,0,0,0,0
dev_julian-weinert,0,0,0,0,0,0,0,0,0,0,1,0
dev_rdmeal,0,0,0,1,0,0,0,0,0,0,0,0
dev_zacard-orc,0,2,0,0,0,0,0,0,0,0,1,0
dev_hsk-kr,0,0,0,1,2,0,0,0,0,0,0,0
dev_SALIHAdataonline,0,0,0,0,0,1,0,0,0,0,0,0
dev_lamka02sk,0,0,0,0,0,0,1,0,0,0,0,0
dev_srfaytkn,0,0,0,1,0,0,0,0,0,0,0,0
dev_jayp112,0,0,0,1,0,0,0,0,0,0,0,0
dev_Emekaer,0,2,0,0,0,0,0,0,0,0,0,0
dev_gotjoshua,0,0,0,0,0,0,0,0,0,0,1,0
dev_nextlevelbeard,0,0,0,0,0,0,0,0,1,0,0,0
dev_174n,0,0,0,0,0,0,0,0,0,0,0,1
dev_smykhailov,0,0,0,0,0,0,0,0,0,0,0,3
dev_tdekoning,2,0,0,0,0,0,0,1,0,0,0,0
dev_isaacs,0,0,0,0,0,0,0,0,0,1,0,0
dev_lisonge,0,0,0,0,0,0,0,0,0,0,1,0
dev_bobbylight,0,0,0,0,0,0,1,0,0,0,0,0
dev_callum-bennett,0,0,0,1,0,0,0,0,0,0,0,0
dev_lexos-development,1,0,0,0,0,0,0,0,0,0,0,0
dev_huy-lv,0,1,0,0,0,0,0,0,0,0,0,0
dev_jdbruijn,0,2,0,0,0,0,0,0,0,0,0,0
dev_Stanzilla,0,1,0,0,0,0,1,0,0,0,0,0
dev_phavor,0,0,0,0,0,1,0,0,0,0,0,0
dev_Martinfx,1,0,1,0,0,0,0,0,0,0,0,0
dev_jgravois,0,1,0,0,0,0,0,0,0,0,0,0
dev_olore,0,0,0,1,0,0,0,0,0,0,0,0
dev_maxburke,0,0,0,0,7,3,0,0,0,0,0,0
dev_vivrkerror404,0,0,0,0,0,2,0,0,0,0,0,0
dev_adrianwix,0,0,0,0,0,1,0,0,0,0,0,0
dev_jasan-s,0,0,1,0,0,0,0,0,0,0,0,0
dev_laoshaw,0,0,0,2,1,0,0,0,0,0,0,0
dev_FelipeDania,0,0,0,0,0,1,0,0,0,0,0,0
dev_xeno,0,0,0,0,0,0,0,0,0,0,1,0
dev_mcmillion,0,0,0,0,0,1,0,0,0,0,0,0
dev_neeshurajput,0,1,0,0,0,0,0,0,0,0,0,0
dev_mrcampbell,1,0,0,0,0,0,0,0,0,0,0,0
dev_DeanIfalo,0,0,0,1,0,0,0,0,0,0,0,0
dev_gigadeplex,0,0,0,0,0,0,0,1,0,0,0,0
dev_AlokMishra051298,0,0,0,0,0,0,0,0,3,0,0,0
dev_jennieandersson,0,0,0,2,0,0,0,0,0,0,0,0
dev_P0lip,0,0,0,0,0,0,0,0,1,0,0,0
dev_nchase,0,0,0,0,0,0,0,0,0,0,0,3
dev_GLObus303,0,0,1,0,0,0,0,0,0,0,0,0
dev_Pyroboomka,0,0,0,0,0,0,0,0,0,0,0,1
dev_viljark,0,0,0,0,1,0,0,0,0,0,0,0
dev_TabithaLarkin,0,0,0,2,0,0,0,0,0,0,0,0
dev_davidmaxwaterman,0,0,0,0,0,0,1,2,0,0,0,0
dev_danimalweb,0,0,0,0,0,0,0,0,1,0,0,0
dev_Saeris,0,0,0,1,0,0,0,0,0,0,0,0
dev_cbix,0,0,0,1,0,0,0,0,0,0,0,0
dev_ElijahLynn,0,0,0,0,0,0,0,4,0,0,0,0
dev_donni106,0,0,0,0,0,0,1,0,0,0,0,0
dev_nextglabs,0,0,0,0,0,0,0,0,0,0,1,0
dev_bertho-zero,0,0,0,0,1,0,0,0,0,0,0,0
dev_Spartakyste,0,0,0,0,0,0,1,0,0,0,0,0
dev_Noitidart,0,0,0,1,0,0,0,0,0,0,0,0
dev_skinny85,0,1,0,0,0,0,0,0,0,0,0,0
dev_s0nik42,0,0,0,0,2,0,0,0,0,0,0,0
dev_Ghazgkull,0,0,0,0,0,0,0,0,0,0,3,0
dev_snitin315,0,0,0,0,0,1,15,2,0,0,0,0
dev_adbutterfield,0,0,0,1,0,0,0,0,0,0,0,0
dev_ahmadi-akbar,0,1,0,0,0,0,0,0,0,0,0,0
dev_ThanhNghia944,0,1,0,0,0,0,0,0,0,0,0,0
dev_debianw,0,0,0,0,0,0,1,0,0,0,0,0
dev_ThaJay,0,0,0,0,1,0,0,0,0,0,0,0
dev_ndouglas,0,0,0,0,0,0,0,1,0,0,0,0
dev_reisvini1,0,0,0,0,0,0,0,0,0,0,1,1
dev_Naddiseo,0,0,0,0,0,0,0,0,0,0,1,0
dev_tiagosiebler,0,0,0,1,0,0,0,0,0,0,0,0
dev_HagenMorano,0,0,0,0,0,1,0,0,0,0,0,0
dev_thrnd,0,0,0,2,0,0,0,0,0,0,0,0
dev_Alessandro-Barbieri,0,1,0,0,0,0,0,0,0,0,0,0
dev_SobhanAminnejad,0,0,0,1,0,0,0,0,0,0,0,0
dev_matasmaciulaitis,0,0,0,0,0,0,0,0,0,0,0,1
dev_daCapricorn,0,0,0,0,0,0,0,0,0,0,0,1
dev_mackenziekira,1,0,0,0,0,0,0,0,0,0,0,0
dev_spandey1296,1,0,0,0,0,0,0,0,0,0,0,0
dev_leikoilja,1,0,0,0,0,0,0,0,0,0,0,0
dev_brandonpittman,2,0,0,0,0,0,0,0,0,0,0,0
dev_byteit101,0,0,0,6,0,0,0,0,0,0,0,0
dev_afuscella,0,0,1,0,0,0,0,0,0,0,0,0
dev_alan-agius4,0,0,2,0,0,0,0,0,0,0,0,0
dev_gp3gp3gp3,0,1,0,1,0,0,0,0,0,0,1,0
dev_APshenkin,7,1,0,0,0,0,0,0,0,0,0,0
dev_vantreeseba,0,0,0,2,0,0,0,0,0,0,0,0
dev_lukebrandonfarrell,1,1,0,0,0,0,0,0,0,0,0,0
dev_Landria,0,0,0,0,0,0,0,0,1,0,0,0
dev_aline-matos,0,1,0,0,0,0,0,0,0,0,0,0
dev_dibari,0,0,0,0,0,0,0,0,0,0,1,0
dev_muntasirsyed,1,0,0,0,0,0,0,0,0,0,0,0
dev_Frimlik,0,0,0,1,0,0,0,0,0,0,0,0
dev_ethanwinters,0,0,0,0,0,0,0,0,0,0,0,1
dev_heatherKoo07,0,0,0,0,0,0,0,0,0,0,2,0
dev_german970814,0,0,0,0,0,0,0,0,0,0,2,0
dev_Twintails,0,0,0,0,0,1,0,0,0,0,0,0
dev_websi96,0,0,0,0,0,1,0,0,0,0,0,0
dev_yiidot,0,0,0,0,0,0,0,0,1,0,0,0
dev_MeRahulAhire,0,0,1,0,0,0,0,0,0,0,0,0
dev_Gitarcitano,0,0,0,1,0,0,0,0,0,0,0,0
dev_YahyaBagia,0,0,0,0,0,0,0,0,0,0,0,1
dev_vansergen,0,3,0,0,0,0,0,0,0,0,0,0
dev_crixx,2,0,0,0,0,0,0,0,0,0,0,0
dev_polotto,0,0,0,0,2,0,0,0,0,0,0,0
dev_SJrX,0,0,0,2,0,0,0,0,0,0,0,0
dev_PauloVieirra,0,1,0,0,0,0,0,0,0,0,0,0
dev_dannyhw,0,0,0,0,0,0,0,0,0,0,0,2
dev_dwjohnston,0,0,0,0,1,0,0,0,0,0,0,0
dev_vytsci,1,0,0,0,0,0,0,0,0,0,0,0
dev_DeveloperDanX,0,0,1,0,0,0,0,0,0,0,0,0
dev_SergeiMeza,0,0,0,0,1,0,0,0,0,0,0,0
dev_Kartstig,0,2,0,0,0,0,0,0,0,0,0,0
dev_verhichi,0,0,1,0,0,0,0,0,0,0,0,0
dev_Dream-456,1,0,0,0,0,0,0,0,0,0,0,0
dev_MikeJakubik,0,0,0,0,0,0,0,0,0,0,0,2
dev_Crashtor,0,0,0,0,0,0,0,1,0,0,0,0
dev_baboon-king,0,0,0,0,0,0,0,0,0,2,0,0
dev_wcandillon,0,1,0,0,0,0,0,0,0,0,0,0
dev_RodolfoGS,0,1,0,0,0,0,0,0,0,0,3,5
dev_Iran-110,0,0,2,0,0,0,0,0,0,0,0,0
dev_timdp,0,0,0,0,0,0,0,1,0,0,0,0
dev_Peterabsolon,0,0,0,0,0,0,0,0,1,0,0,0
dev_dooleyb1,0,0,0,0,0,0,0,0,1,0,0,0
dev_shyimo,0,0,0,0,0,0,0,0,1,0,0,0
dev_PedroSSM2000,0,0,0,0,0,0,0,0,2,0,0,0
dev_phryneas,0,0,0,2,0,0,0,0,0,0,0,0
dev_Maxim-Mazurok,0,0,0,1,0,0,0,0,7,0,1,0
dev_ErikAGriffin,0,0,1,0,0,0,0,0,0,0,0,0
dev_janicduplessis,0,0,0,0,0,0,2,1,4,0,0,0
dev_SleepWalker,1,1,0,0,0,0,0,0,0,0,0,0
dev_shellscape,2,3,2,1,0,0,0,0,0,0,0,0
dev_svorcan,0,2,0,0,1,0,0,0,0,0,0,0
dev_bertyhell,0,0,0,0,0,1,0,0,1,0,0,0
dev_ABCDdouyaer,0,0,0,0,0,0,1,0,0,0,0,0
dev_MarcAnt,0,0,0,0,0,0,0,0,1,0,0,0
dev_Expensiveee,0,0,0,0,1,0,0,0,0,0,0,0
dev_icatalina,0,3,0,0,0,0,0,0,0,0,0,0
dev_hellsan631,0,0,0,0,0,0,0,2,0,0,0,0
dev_adbl,3,0,0,0,0,0,0,0,0,0,0,0
dev_dhl1402,0,0,0,0,0,0,0,0,0,1,0,0
dev_ricovilela,0,0,0,0,1,0,1,0,0,0,0,0
dev_AWare,0,0,0,6,1,0,0,0,0,0,0,0
dev_RigottiG,0,0,0,0,1,0,0,0,0,0,0,0
dev_gavnate,0,0,0,0,0,1,0,0,0,0,0,0
dev_snyk-bot,2,0,0,1,2,0,0,2,1,0,0,0
dev_iamskok,0,0,0,1,0,0,0,0,0,0,0,0
dev_PotLid,0,0,0,0,0,0,0,0,0,1,0,0
dev_zwhitchcox,0,0,1,0,0,0,0,0,0,0,0,0
dev_Sakarisson,2,0,0,0,0,0,0,0,0,0,0,0
dev_moroine,0,0,0,0,0,0,0,0,1,0,0,0
dev_JosefBredereck,0,0,0,0,0,0,0,0,0,0,2,0
dev_ankurmakadia,0,1,0,0,0,0,0,0,0,0,0,0
dev_InSuperposition,0,0,0,0,0,0,0,2,0,0,0,0
dev_cs-manughian,0,0,0,0,0,0,1,0,0,0,0,0
dev_erdii,0,2,0,0,0,0,0,0,0,0,0,0
dev_Titozzz,0,0,0,0,0,0,0,0,0,0,2,0
dev_smashercosmo,0,0,0,0,0,0,0,0,0,0,0,2
dev_thereis,0,0,0,0,0,0,0,0,0,0,1,0
dev_xzyfer,0,1,0,13,28,30,15,20,0,2,16,42
dev_harshlele,0,0,1,0,0,0,0,0,0,0,0,0
dev_jingshanchen,0,0,0,0,0,0,0,1,0,0,0,0
dev_lensbart,0,0,0,2,0,0,0,1,0,0,0,0
dev_leorossi,0,0,0,0,0,0,0,0,7,0,0,0
dev_mukhlisakbr,0,0,0,0,0,0,0,0,0,0,0,1
dev_kamalpandey,0,1,0,0,0,0,0,0,0,0,0,0
dev_Vieriksson,0,0,1,0,0,0,0,0,0,0,0,0
dev_kingma-sbw,0,0,0,0,1,0,0,0,0,0,0,0
dev_javierrojas10,0,0,0,0,0,1,0,0,0,0,0,0
dev_voltbit,0,0,0,0,0,0,0,0,0,0,3,0
dev_adamtay,0,0,0,0,0,0,0,0,0,1,0,0
dev_meowto16,0,1,0,0,0,0,0,0,0,0,0,0
dev_mrousavy,5,6,0,0,0,0,0,5,0,0,0,0
dev_SusanAmy,0,0,1,0,0,0,0,0,0,0,0,0
dev_hilelt,0,0,0,0,0,0,0,1,0,0,0,0
dev_tijsg,0,0,0,0,0,0,0,1,0,0,0,0
dev_mainfraame,0,0,0,0,0,0,0,0,0,0,1,0
dev_LiuJinghao,0,2,0,0,0,0,0,0,0,0,0,2
dev_scoobster17,0,0,0,0,0,0,0,0,2,0,0,0
dev_amrography,0,0,0,0,0,0,0,0,1,0,0,0
dev_KillWolfVlad,0,0,0,0,0,0,0,2,0,0,0,0
dev_luanmuniz,0,0,2,0,0,0,0,0,0,0,0,0
dev_jamsinclair,0,0,0,0,0,3,1,0,0,0,0,0
dev_AdrianoCahete,0,0,0,0,0,0,0,0,0,0,1,0
dev_awslabspl,0,1,0,0,0,0,0,0,0,0,0,0
dev_vicary,0,0,0,0,0,0,0,1,0,0,0,0
dev_comoser,0,0,2,0,1,0,0,0,0,0,0,0
dev_tvdijen,0,0,0,0,0,1,0,0,0,0,0,0
dev_kodie,1,0,0,0,0,0,0,0,0,0,0,0
dev_spidgorny,0,0,0,0,0,0,1,0,0,0,0,0
dev_erik-vanlankvelt,0,0,0,0,1,0,0,0,0,0,0,0
dev_Nicolascoding27,0,0,0,0,0,0,0,0,0,0,1,0
dev_scott-ut,0,0,0,0,0,0,3,1,0,0,0,0
dev_ferdicus,0,0,0,0,0,0,0,0,0,0,0,1
dev_tgreco,0,0,0,0,0,0,0,1,0,0,0,0
dev_jessebeach,0,0,0,24,0,8,0,0,0,5,0,0
dev_betoharres,0,0,0,0,0,0,0,0,1,0,0,0
dev_khan-vinn,0,0,0,0,0,0,1,0,0,0,0,0
dev_pascencio,0,0,0,0,0,0,0,1,0,0,0,0
dev_wallw-bits,0,0,0,1,0,0,0,0,0,0,0,0
dev_easingthemes,0,0,0,0,2,0,0,0,0,0,0,0
dev_thekingrenz23,0,0,0,0,0,0,0,0,0,0,0,1
dev_jotave42,0,1,0,0,0,0,0,0,0,0,0,0
dev_DanleyCr7,0,0,0,0,0,1,0,0,0,0,0,0
dev_jcgertig,0,0,0,0,0,0,0,0,2,0,0,0
dev_rchaubey,0,1,0,0,0,0,0,0,0,0,0,0
dev_danielkv,0,0,0,0,0,0,0,0,0,0,0,1
dev_UNIDY2002,0,1,0,0,0,0,0,0,0,0,0,2
dev_naman4662,0,0,0,0,2,0,0,0,0,0,0,0
dev_rossedwardsus,0,2,0,0,0,0,0,0,0,0,0,0
dev_lorisdev,0,1,0,0,0,0,0,0,0,0,0,0
dev_snebjorn,0,0,0,0,0,0,2,0,0,0,0,0
dev_ThomasOrtiz,0,0,0,5,0,0,0,0,0,0,0,0
dev_chriswayg,0,0,0,0,0,1,0,0,0,0,0,0
dev_jrolfs,0,0,0,0,0,0,1,0,0,0,0,0
dev_thoughtassassin,0,0,0,0,0,0,0,1,0,0,0,0
dev_CJKay,0,0,0,0,0,0,0,0,0,0,0,1
dev_wesvetter,0,0,0,0,4,0,0,0,0,0,0,0
dev_ObserverOfTime,0,0,0,1,0,0,0,0,0,0,0,0
dev_uniquejava,0,0,0,0,0,0,0,0,2,0,0,0
dev_PaulMEdwards,0,2,0,0,0,0,0,0,0,0,0,0
dev_dtm85,0,0,0,0,1,0,0,0,0,0,0,0
dev_MagicPoulp,0,0,0,0,2,0,0,0,0,0,0,0
dev_fulldecent,0,0,0,1,0,0,0,0,0,0,0,0
dev_Kudo,0,0,0,0,0,0,0,0,0,0,1,2
dev_MounirDhahri,0,0,0,0,0,0,0,0,1,0,0,0
dev_jerus1403,0,0,0,1,0,0,0,0,0,0,1,0
dev_DouglasDev,0,3,0,0,0,0,0,0,0,0,0,0
dev_oushiun,1,0,0,0,0,0,0,0,0,0,0,0
dev_vsheyanov,0,0,0,4,0,0,0,0,0,0,0,0
dev_st-h,7,0,0,0,0,0,0,0,0,0,0,0
dev_MichaelDimmitt,0,0,0,0,2,0,0,0,0,0,0,0
dev_DindoLeonard,0,0,0,0,0,0,0,0,0,0,4,0
dev_eris202,0,0,0,0,0,0,0,0,1,0,0,0
dev_shubhendumadhukar,0,0,0,1,0,0,0,0,0,0,0,0
dev_lacell75,0,0,0,0,0,0,3,0,0,0,0,0
dev_gurayyarar,0,0,0,0,0,0,0,1,0,0,0,0
dev_Hless,0,0,0,0,0,0,2,0,0,0,0,0
dev_makrandgupta,0,1,0,0,0,0,0,0,0,0,0,0
dev_sorodrigo,0,0,0,0,0,0,0,0,0,0,0,2
dev_kuzzmi,0,0,0,0,0,0,0,0,0,2,0,0
dev_stoned-newton,0,0,1,0,0,0,0,0,0,0,0,0
dev_ShaMan123,0,0,0,0,2,0,0,0,0,0,0,0
dev_cdbattags,0,0,0,0,1,0,0,0,0,0,0,0
dev_isabellachen,0,0,0,0,0,1,0,0,0,0,0,0
dev_jannomeister,0,1,0,0,0,0,0,0,0,0,0,0
dev_Ronsku,0,0,2,0,0,0,0,0,1,0,0,0
dev_linzb93,0,0,0,0,0,0,0,1,0,0,0,0
dev_vidal7,0,0,1,0,0,0,0,0,0,0,0,0
dev_Vahabov,0,0,0,0,0,0,0,0,0,0,1,0
dev_Boris-Vladimirovich,0,0,0,0,0,0,0,0,0,1,0,0
dev_jyosen-ias,0,0,0,0,0,0,1,0,0,0,0,0
dev_danielgospodinow,0,0,0,0,0,0,0,0,0,0,0,1
dev_backwardok,0,0,7,1,1,0,0,1,0,0,0,0
dev_Otumian-empire,0,0,0,0,0,0,0,0,0,0,0,1
dev_sahilrajput03,0,0,0,0,0,0,4,0,0,0,0,0
dev_davidflores2,0,0,0,0,1,0,0,0,0,0,0,0
dev_RaccoonCode96,0,0,0,0,0,1,0,0,0,0,0,0
dev_recoiladam,0,0,0,0,0,1,1,0,0,0,0,0
dev_Thiago-cez,0,0,0,0,0,0,0,0,1,0,0,0
dev_Leonardoih,0,0,0,0,0,0,0,1,0,0,0,0
dev_KOUMAGOTO,0,0,0,0,1,0,0,0,0,0,0,0
dev_sdqyang,0,0,0,1,0,0,0,0,0,0,0,0
dev_gajus,2,1,0,0,0,0,0,0,0,0,1,0
dev_ivanfuzuli,1,0,0,0,0,0,0,0,0,0,0,0
dev_josephShield,0,0,0,0,0,0,0,0,0,0,1,0
dev_KingAmo,0,0,1,2,0,0,0,0,0,0,0,0
dev_sfc-gh-nlele,0,0,0,0,0,0,0,0,0,0,1,0
dev_chillinncodin,0,0,0,0,0,0,0,0,0,1,0,0
dev_abdymm,0,0,1,1,0,0,0,0,0,0,0,0
dev_Dinika,0,0,0,1,0,0,0,0,0,0,0,0
dev_TaichiAkimoto,0,0,0,0,0,0,0,0,0,0,0,1
dev_MoOx,8,0,0,0,0,0,0,0,0,0,0,0
dev_tobiasdiez,0,0,0,0,0,0,1,0,0,0,0,0
dev_tjx666,0,0,0,0,0,0,0,0,0,0,2,0
dev_Jakobud,0,0,0,0,0,0,1,0,0,0,0,0
dev_monikapencierzynska,0,0,0,0,0,0,0,3,0,0,0,0
dev_shtefanilie,0,0,0,0,0,0,0,0,0,1,1,0
dev_ZeeshanAhmadKhalil,0,1,0,0,0,0,0,0,0,0,0,0
dev_danmarshall,0,0,0,0,0,0,0,0,0,0,1,0
dev_jimjiyn,1,0,0,0,0,0,0,0,0,0,0,0
dev_adorin,2,0,0,0,0,0,0,0,0,0,0,0
dev_tankers746,0,1,0,0,0,0,0,0,0,0,0,0
dev_jalovatt,0,0,0,1,0,0,0,0,0,0,0,0
dev_tomsquest,0,0,0,0,0,1,0,0,0,0,0,0
dev_nbarrett,0,0,0,0,0,0,0,0,0,0,0,1
dev_rionalab,0,1,0,0,0,0,0,0,0,0,0,0
dev_plan-do-break-fix,0,0,0,2,0,0,0,0,0,0,0,0
dev_KristianH,0,0,0,0,1,0,0,0,0,0,0,0
dev_blimmer,0,2,1,0,0,0,0,0,0,0,0,0
dev_hzoo,0,0,0,2,0,2,0,0,0,0,0,0
dev_gametheworld,0,0,0,0,0,0,0,1,0,0,0,0
dev_george-vieira,0,0,0,0,0,1,0,0,0,0,0,0
dev_shuuji3,0,0,0,0,0,0,0,0,3,0,0,0
dev_markmeeus,0,0,0,0,0,0,0,0,1,0,0,0
dev_netshade,0,0,0,1,0,0,0,0,0,0,0,0
dev_ioticsme,0,0,0,0,0,0,0,0,0,0,1,0
dev_asklar,0,0,0,0,0,0,1,0,0,0,0,0
dev_lc-leoniefarmer,0,2,0,0,0,0,0,0,0,0,0,0
dev_frani,0,0,0,0,0,1,0,0,0,0,0,0
dev_sanchir2011,0,0,0,0,0,0,0,0,3,0,0,0
dev_flutterq2,0,0,0,0,0,0,0,1,0,0,0,0
dev_purejgleason,0,0,0,0,0,0,1,0,0,0,0,0
dev_artola,0,1,0,0,0,0,0,0,0,0,0,0
dev_cedricr,0,0,0,0,0,0,0,1,0,0,0,0
dev_AaronNGray,0,0,0,0,0,0,0,0,3,0,0,0
dev_guvarallo,0,1,0,0,0,0,0,0,0,0,0,0
dev_TutoDS,0,0,0,0,0,1,0,0,0,0,0,0
dev_guyellis,2,0,0,0,0,0,0,0,0,0,0,0
dev_henrebotha,3,0,0,0,0,0,2,0,0,0,0,0
dev_luciomartinez,0,0,0,0,1,0,0,0,0,0,0,0
dev_BrendonSled,0,0,1,0,0,0,0,0,0,0,0,0
dev_armano2,0,0,0,0,0,0,0,0,0,0,4,0
dev_xorbis,0,0,0,0,1,0,0,0,0,0,0,0
dev_msanzv,0,0,0,0,0,1,0,0,0,0,0,0
dev_szmarczak,0,0,0,0,0,0,0,0,3,0,0,0
dev_blueblakk,0,0,0,0,1,0,0,0,0,0,0,0
dev_JanithaR,0,0,0,0,0,0,1,0,0,0,0,0
dev_cdlarson91,0,1,0,0,0,0,0,0,0,0,0,0
dev_marcinn,0,2,0,0,1,0,0,0,0,0,0,0
dev_asher-gh,0,0,0,0,0,0,0,1,0,0,0,0
dev_AssisrMatheus,0,0,0,0,0,0,0,0,0,0,1,0
dev_bypatryk,1,0,0,0,0,0,0,0,0,0,0,0
dev_Chickynuggie,0,0,0,0,0,0,0,0,0,0,1,0
dev_ckvv,0,0,0,0,0,0,0,0,0,0,0,1
dev_samer-nowrx,0,0,1,0,0,0,0,0,0,0,0,0
dev_congdoKnovva,0,1,0,0,0,0,0,0,0,0,0,0
dev_astriskit,0,0,1,0,0,0,0,0,0,0,0,0
dev_Anonyma,0,0,0,0,0,0,0,3,1,1,4,0
dev_MokryPatrik,2,0,0,0,0,0,0,0,0,0,0,0
dev_heythanks,0,0,0,0,0,0,0,0,0,0,0,1
dev_mym0404,0,2,0,0,0,0,0,0,0,0,0,0
dev_cmdcarini,0,0,0,0,0,0,3,0,0,0,0,0
dev_luiscla27,0,0,0,0,0,0,0,0,0,0,1,0
dev_jayshah-swiggy,0,0,0,0,0,0,0,0,0,0,0,1
dev_mohamedmalki,0,0,0,0,0,0,0,0,0,0,0,1
dev_brick9527,0,0,0,0,0,0,0,0,1,0,0,0
dev_ezhkov,0,0,0,2,0,0,0,0,0,0,0,0
dev_crystalball808,0,0,0,0,0,0,0,0,1,0,0,0
dev_aminnoura,0,0,0,0,1,0,0,0,0,0,0,0
dev_ntoporcov,0,0,1,0,0,0,0,0,0,0,0,0
dev_arthurvanl,0,0,0,0,0,0,0,0,0,0,0,1
dev_appkaiju,0,0,0,2,0,0,0,0,0,0,0,0
dev_LeviWilliams,0,0,0,0,1,1,0,1,0,0,3,0
dev_ahmedoubadi,0,0,0,0,0,0,1,0,0,0,0,0
dev_jameelmoses,0,0,0,0,1,0,0,0,0,0,0,0
dev_LoesterFranco,0,0,0,0,2,0,0,0,0,0,0,0
dev_AbinSpericorn,0,0,0,0,0,0,1,0,0,0,0,0
dev_sjcotto,0,0,0,0,0,0,0,2,0,0,0,0
dev_GCheung55,3,0,0,0,0,0,0,0,0,0,0,0
dev_ciesielskico,0,0,0,1,0,0,0,0,0,0,0,0
dev_ssbarnea,0,0,1,0,0,0,0,0,0,0,0,0
dev_netpoe,0,0,0,1,0,0,0,0,0,0,0,0
dev_snehalm-iprogrammer,0,0,1,0,0,0,0,0,0,0,0,0
dev_ShivamJoker,0,0,0,4,0,1,0,0,0,0,0,1
dev_ngseba,0,1,0,0,0,0,0,0,0,0,0,0
dev_sseppola,0,0,0,1,0,0,0,0,0,0,0,0
dev_mario-purestake,0,0,0,0,1,0,0,0,0,0,0,0
dev_plasmarob,0,0,0,0,2,0,0,0,0,0,0,0
dev_soneway,0,0,0,0,1,0,0,0,0,0,0,0
dev_yousseftarekkh,0,0,0,0,0,0,0,0,2,0,0,0
dev_GerkinDev,0,0,0,0,0,0,0,1,0,0,0,0
dev_pkvov,0,0,0,0,0,0,1,0,0,0,0,0
dev_matheusmirandaferreira,0,0,0,0,0,0,0,0,1,0,0,0
dev_wolfmaster8,0,0,1,0,0,0,0,0,0,0,0,0
dev_mrcnw,0,0,1,0,0,0,0,0,0,0,0,0
dev_Dylan190774,0,1,0,0,0,0,0,0,0,0,0,0
dev_MANTENN,0,0,0,0,0,0,0,0,0,0,0,4
dev_chiptus,0,0,0,0,0,0,0,0,1,0,0,0
dev_thegdznet,0,0,0,0,0,0,0,0,4,0,0,4
dev_jacob418,0,0,1,0,0,0,0,0,0,0,0,0
dev_MatteoInfi,0,0,0,0,0,0,1,0,0,0,0,0
dev_stof,0,0,0,0,0,0,0,0,0,1,0,1
dev_ywymoshi,0,0,0,1,0,0,0,0,0,0,0,0
dev_noumantahir,0,0,0,0,1,0,0,0,0,0,0,0
dev_ryuran,0,0,0,1,0,0,0,0,0,0,0,0
dev_jinshiyi11,0,0,0,3,0,0,0,0,0,0,0,0
dev_maxfahl,0,0,0,0,0,0,0,0,5,0,0,0
dev_hoangvu12,0,0,0,0,0,1,0,0,0,0,0,0
dev_zorgick,0,0,0,0,0,1,1,0,0,0,0,0
dev_AlixWang,0,0,4,0,0,0,0,0,0,0,0,0
dev_daniel-nagy,0,0,0,0,0,0,1,0,0,0,0,0
dev_gopricy,0,0,0,0,0,0,0,1,0,0,0,0
dev_nathandao,0,0,0,0,0,0,0,0,2,0,0,0
dev_iameduardod,0,0,0,0,0,0,0,1,0,0,0,0
dev_jeepers3327,0,0,0,4,0,0,0,0,0,0,0,0
dev_k-utsumi,0,0,0,0,0,1,0,0,0,0,0,0
dev_HangingClowns,0,0,0,1,0,0,0,0,0,0,0,0
dev_forresthopkinsa,0,0,0,0,0,0,0,0,1,0,0,0
dev_jdanil,0,4,0,0,0,0,0,0,0,0,0,0
dev_hansdesmedt,0,2,0,0,0,0,0,0,0,0,0,0
dev_EscapeB,0,0,0,0,0,0,0,0,0,0,0,1
dev_matis-dk,0,0,0,0,0,0,0,0,0,0,1,0
dev_maxpain,0,0,0,0,1,0,0,0,0,0,0,0
dev_jansepke,0,1,2,0,0,0,0,0,0,0,0,0
dev_jedwards1211,0,0,1,0,0,0,0,0,0,0,0,0
dev_MuhammadMuzammilQadri,0,1,0,0,0,0,0,0,0,0,0,0
dev_Ghostbird,1,0,0,0,0,0,0,0,0,0,0,0
dev_flyskywhy,0,1,0,0,0,4,0,0,0,0,0,0
dev_teamzz111,0,0,2,0,0,0,0,0,0,0,0,0
dev_GaelFerrand,0,0,0,2,0,0,0,0,0,0,0,0
dev_AdrianValdes,0,0,0,0,0,0,0,0,0,1,0,0
dev_aLemonFox,0,0,0,0,0,0,0,0,0,1,0,0
dev_BePo65,0,4,0,0,0,0,0,0,0,0,0,0
dev_alessiocancian,0,0,1,0,0,0,0,0,0,0,0,0
dev_tranvansang,0,3,1,0,0,0,0,0,0,0,0,0
dev_qasimmehdi,0,0,0,0,0,0,0,0,1,0,0,0
dev_martinpitt,0,0,0,0,0,0,0,0,0,0,1,0
dev_cristobal,0,5,0,0,0,0,0,0,0,0,0,0
dev_flocastera,0,0,0,0,0,0,0,2,0,0,0,0
dev_saikrishnabanda5,0,0,1,0,0,0,0,0,0,0,0,0
dev_DigitalZebra,0,0,0,0,1,1,0,0,0,0,0,0
dev_mojtabaasadi,0,0,0,0,0,0,0,0,0,0,0,1
dev_deduced,0,0,0,0,3,0,0,0,0,0,0,0
dev_abdullahkhan-z,0,0,0,0,0,1,0,0,0,0,0,0
dev_mittalyashu,0,0,0,0,3,0,0,0,0,0,0,0
dev_nghiepit,0,0,0,2,0,0,0,0,0,0,0,0
dev_nichoth,1,0,1,0,0,0,0,0,0,0,0,0
dev_cekvenich2,0,0,0,0,0,0,0,0,0,1,1,0
dev_theluk,0,0,0,0,0,0,1,0,0,0,0,0
dev_rahmanharoon,0,0,0,0,0,2,0,0,0,0,0,0
dev_DallasP9124,0,0,0,0,0,0,0,0,0,0,1,0
dev_Pookacz,0,0,0,0,0,0,1,0,0,0,0,0
dev_3imed-jaberi,0,0,0,0,0,0,1,0,0,0,0,0
dev_gianmarcotoso,0,2,0,0,0,0,0,0,0,0,0,0
dev_OrenSavichWS,1,0,0,0,0,0,0,0,0,0,0,0
dev_Fdawgs,0,1,0,0,0,0,0,1,0,0,0,0
dev_codymikol,0,0,0,1,0,0,0,0,0,0,0,0
dev_michaelbrewer,0,0,0,0,3,0,0,0,0,0,0,0
dev_tvanantwerp,0,0,0,0,0,0,0,0,0,1,0,0
dev_nikolaiborisik,0,0,0,0,0,1,0,0,0,0,0,0
dev_moracca,0,0,2,0,0,0,0,0,0,0,0,0
dev_ddanbeck,0,3,0,0,0,0,0,0,0,0,0,0
dev_vintprox,0,0,0,0,0,0,0,0,1,0,0,0
dev_echo008,0,0,0,0,0,0,3,0,0,0,0,0
dev_Marietto2008,0,0,0,0,0,0,1,0,0,0,0,0
dev_lenaw,0,0,0,0,0,0,1,0,0,0,0,0
dev_GaikwadPratik,0,0,0,0,0,0,1,0,0,0,0,0
dev_toviszsolt,0,0,1,0,0,0,0,0,0,0,0,0
dev_Sorixelle,0,0,0,0,0,0,1,0,0,0,0,0
dev_tritao,0,0,13,1,0,0,1,0,0,0,0,0
dev_kopax-polyconseil,0,0,0,0,0,2,0,0,0,0,0,0
dev_hugofelp,0,0,0,0,0,0,0,0,1,0,0,0
dev_chriso86,0,0,0,0,0,0,1,0,0,0,0,0
dev_e0ipso,0,0,0,0,0,0,0,0,0,3,0,0
dev_CodalReef,0,0,0,0,0,0,0,0,0,0,0,1
dev_roberto-sobachi-cko,0,2,0,0,0,0,0,0,0,0,0,0
dev_AppSphere,0,0,0,0,0,0,0,0,0,0,1,0
dev_iwt-nduesing,1,0,0,0,0,0,0,0,0,0,0,0
dev_chimurai,0,0,0,0,0,0,0,0,0,0,1,0
dev_muuki88,0,0,0,0,0,1,0,0,0,0,0,0
dev_vijay-singh-16,0,0,0,0,0,0,0,0,0,0,0,1
dev_pjaws,0,0,0,0,0,0,0,0,0,0,1,0
dev_chuyik,0,0,2,0,0,0,0,0,0,0,0,0
dev_lebron112,0,0,0,0,0,0,0,0,1,0,0,0
dev_siimon,0,0,0,0,0,0,0,1,0,0,0,0
dev_SampsonCrowley,0,1,0,1,0,0,0,0,1,0,0,0
dev_marcinkieruzel,0,1,0,0,0,0,0,0,0,0,0,0
dev_lockieluke,0,0,0,0,0,0,0,0,0,0,0,1
dev_KunalBurangi,0,0,0,0,0,0,2,0,1,0,0,0
dev_rajjaiswalsaumya,0,0,0,0,0,0,0,0,0,1,0,0
dev_enzomanuelmangano,0,0,0,0,0,0,0,1,0,0,0,0
dev_remarkablemark,0,0,0,0,0,0,0,1,0,0,0,0
dev_xQuotes,0,0,0,0,0,0,0,0,1,0,0,0
dev_cutterbl,0,0,0,1,0,0,0,0,0,0,0,0
dev_pvegh,0,0,0,0,3,0,0,0,1,0,0,0
dev_Sidnioulz,0,0,0,0,0,0,0,2,0,0,0,0
dev_NorthDecoder,3,0,0,0,0,0,0,0,0,0,0,0
dev_jarod-legault,0,1,0,0,0,0,0,0,0,0,0,0
dev_viceice,0,0,0,2,1,0,0,0,0,0,0,0
dev_RyanClementsHax,0,0,0,0,1,0,0,0,0,0,0,0
dev_iegik,0,0,1,0,0,0,0,0,0,0,0,0
dev_waterplea,1,0,0,0,0,0,0,0,0,0,0,0
dev_SalahAdDin,0,1,2,4,0,0,2,1,0,0,0,0
dev_wineman3,0,0,0,0,0,0,0,0,0,0,1,0
dev_jcollum,0,0,0,0,0,0,0,1,0,0,0,0
dev_alpwe,0,0,0,1,0,0,0,0,0,0,0,0
dev_paleite,0,0,0,1,0,0,0,0,0,0,0,0
dev_josephharrington,0,0,0,0,0,0,0,0,0,0,3,0
dev_SevenOutman,0,0,0,0,0,0,1,0,0,0,0,0
dev_james98k,0,1,0,0,0,0,0,0,0,0,0,0
dev_wardmatc,0,0,0,0,0,0,0,0,0,1,0,0
dev_mdeltito,0,0,0,0,0,0,0,1,0,0,0,0
dev_iqqmuT,0,4,1,0,0,0,0,0,0,0,0,0
dev_StreamOfMaya,0,0,0,0,1,0,0,0,0,0,0,0
dev_phracek,0,0,0,0,0,0,0,0,0,0,0,1
dev_SebastiaanNijland,0,0,0,0,0,1,0,0,0,0,0,0
dev_yeasir2148,0,0,1,0,0,0,0,0,0,0,0,0
dev_Ivaylo-Lafchiev,0,0,0,0,0,1,0,0,0,0,0,0
dev_ganshiqingyuan,0,0,0,0,0,0,0,3,0,0,0,0
dev_galilmori,0,1,0,0,0,0,0,0,0,0,0,0
dev_predam,0,0,0,0,0,0,0,0,0,0,1,0
dev_adongnmh,1,0,0,0,0,0,0,0,0,0,0,0
dev_cglacet,0,1,0,0,0,0,0,0,0,0,0,0
dev_shees-usman,0,0,0,0,1,0,0,0,0,0,0,0
dev_MehmetKaplan,0,0,0,0,0,0,0,0,0,0,0,3
dev_animanoir,0,0,0,0,0,0,0,0,0,0,0,3
dev_oxilor,0,0,0,0,0,3,5,0,0,0,0,0
dev_drazisil,0,0,0,1,0,2,0,0,0,0,0,0
dev_arderyp,0,0,0,0,2,1,0,0,0,0,3,2
dev_dcunited001,0,0,0,1,0,0,0,0,0,0,0,0
dev_hxgqh,2,0,0,0,0,0,0,0,0,0,0,0
dev_andorfermichael,0,0,0,0,1,0,5,0,0,0,0,0
dev_budarin,0,22,0,1,0,0,0,0,0,0,0,0
dev_synapze,0,0,0,1,0,0,0,0,0,0,0,0
dev_MrMorice,0,0,0,1,0,0,0,0,0,0,0,0
dev_BatDroid,0,1,0,0,0,0,0,0,0,0,0,0
dev_Autapomorph,0,1,0,0,0,0,0,0,0,0,0,0
dev_jackstevenson,0,0,0,0,1,0,0,0,0,0,0,0
dev_alpha0010,0,3,0,0,0,0,0,0,0,0,0,0
dev_teslagovbot,0,0,0,0,1,0,0,0,0,0,0,0
dev_glen-84,0,1,0,0,1,0,1,0,1,0,0,0
dev_sudo-kaizen,0,0,0,0,0,1,0,0,0,0,0,0
dev_naftalibeder,0,0,1,0,0,0,0,0,0,0,0,0
dev_gefymarcos,0,0,0,0,0,0,0,0,0,2,0,0
dev_UsamaIkraam0099,0,0,0,0,0,0,0,2,0,0,0,0
dev_zx-zx22,0,0,0,0,0,0,0,0,1,0,0,0
dev_vemarav,0,0,0,0,0,0,0,0,0,0,0,4
dev_johnhayesio,0,1,0,0,0,0,0,0,0,0,0,0
dev_Delwalt,0,0,0,0,0,0,0,0,0,0,1,0
dev_konglomora,0,0,0,0,0,0,0,0,0,0,1,0
dev_Richienb,3,0,0,0,0,0,0,0,0,0,0,0
dev_nickgieschen,1,0,0,0,0,0,0,0,0,0,0,0
dev_jiyinyiyong,0,1,0,0,0,0,0,0,0,0,0,0
dev_Xenfo,0,0,3,0,3,0,0,0,3,0,0,0
dev_NickOzb,0,0,0,0,0,0,0,0,0,0,11,0
dev_ghost91-,0,1,0,0,0,0,0,0,0,0,0,0
dev_mamadoumarega,0,0,0,0,0,3,0,0,0,0,0,0
dev_vishalnarkhede,0,0,0,0,0,0,1,0,0,0,0,0
dev_jgillick,0,0,0,0,0,1,0,0,0,0,0,0
dev_meduzen-immoweb,0,0,0,0,0,0,0,0,0,0,1,0
dev_andrewulm,0,0,1,0,0,0,0,0,0,0,0,0
dev_markshust,0,2,0,0,0,0,0,0,0,0,0,0
dev_webistomin,0,0,1,0,0,0,0,0,0,0,0,0
dev_Songkeys,0,0,0,0,0,0,1,0,0,0,0,0
dev_zaharzagrava,1,0,0,0,0,0,0,0,0,0,0,0
dev_vocoWone,0,0,0,0,0,0,0,0,1,0,0,0
dev_hosseinmd,0,0,0,1,0,0,0,0,0,0,0,0
dev_sammort,0,0,0,0,1,0,0,0,0,0,0,0
dev_wjhsf,0,0,0,0,0,0,0,0,0,0,0,1
dev_deguich,0,0,0,0,0,0,0,1,0,0,0,0
dev_tim-millar,0,4,0,0,0,0,0,1,0,0,0,0
dev_iaurg,0,0,0,0,1,0,0,0,0,0,0,0
dev_capaj,0,0,0,0,0,0,0,0,0,5,0,0
dev_lucksp,0,0,0,2,0,0,0,0,0,0,0,0
dev_ugobriasco,1,0,0,0,0,0,0,0,0,0,0,0
dev_CaioCSdev,0,0,0,1,0,0,0,0,0,0,0,0
dev_nfantone,0,0,0,0,0,1,0,0,0,0,0,0
dev_mikehardy,0,0,1,0,0,0,1,0,0,0,1,0
dev_Stevemoretz,0,0,0,3,0,0,0,0,0,0,0,0
dev_sankomil,0,0,0,4,0,0,0,2,0,0,0,0
dev_mmounts,0,0,0,0,0,0,0,0,0,0,1,0
dev_Noah-Krossa,0,1,0,0,0,0,0,0,0,0,0,0
dev_yuicer,0,0,0,0,1,0,0,0,0,0,0,0
dev_MutatedBread,1,1,0,0,0,0,0,0,0,0,0,0
dev_kapilrc,0,0,0,0,0,0,0,0,1,0,0,0
dev_lkjimy,0,0,0,0,0,1,0,0,0,0,0,0
dev_alexbu92,0,0,0,0,1,0,0,0,0,0,0,0
dev_ssougnez,0,1,0,0,0,0,0,0,0,0,0,0
dev_DylanPiercey,0,2,0,0,0,0,0,0,0,0,0,0
dev_ahmetkuslular,0,0,0,0,0,0,1,0,0,0,0,0
dev_dsebastien,0,1,0,0,0,0,0,0,0,0,0,0
dev_alshdavid,0,0,0,0,0,0,0,0,0,0,1,0
dev_mwegener-com,0,0,0,0,0,0,0,0,0,3,3,1
dev_andyngojs,0,0,0,0,0,1,0,0,0,0,0,0
dev_nolliebigspin,0,1,0,0,0,0,0,0,0,0,0,0
dev_ccysmd,0,0,0,0,0,0,1,0,0,0,0,0
dev_HappyKid2020,0,0,0,0,0,0,0,1,0,0,0,0
dev_camiblanch,0,0,0,1,1,0,0,0,0,0,0,0
dev_ljuroszekPerfectgym,0,0,0,0,0,1,0,0,0,0,0,0
dev_michaelrommel,0,0,0,0,0,0,0,2,0,0,0,0
dev_thetutlage,0,0,0,0,0,0,0,0,0,1,0,0
dev_tanapaydin,0,0,0,0,1,0,0,0,0,0,0,0
dev_misterdjules,0,0,0,0,0,0,0,6,0,0,0,0
dev_meetmangukiya,0,0,0,1,0,0,0,0,0,0,0,0
dev_brettz9,0,2,0,0,0,0,0,0,0,0,0,0
dev_theristes,1,0,0,0,0,0,0,0,0,0,0,0
dev_justinwhall,0,0,0,0,0,0,1,0,0,0,0,0
dev_jgr3go,0,1,0,0,0,0,0,0,0,0,0,0
dev_k-j-kim,0,0,0,0,0,0,1,0,0,0,0,0
dev_maystrenkoYurii,0,0,0,0,0,0,0,1,0,0,0,0
dev_sashaaKr,0,0,0,0,0,0,0,1,0,0,0,0
dev_justinhaaheim,0,0,0,0,0,0,0,0,0,0,0,1
dev_anlai2,0,0,0,1,1,0,0,0,0,0,0,0
dev_fabiolmorato,0,0,0,0,0,0,0,0,1,0,0,0
dev_nmschulte-aviture,0,0,0,1,0,0,0,0,0,0,0,0
dev_julix-unity,0,0,0,0,0,0,0,0,0,0,0,1
dev_evrimfeyyaz,0,0,2,0,0,0,0,0,0,0,0,0
dev_alejandro-fdez,0,0,0,0,0,0,0,0,0,0,1,0
dev_jmealo,0,1,0,0,0,0,0,0,0,0,0,0
dev_jtalz,5,10,0,0,0,0,0,0,0,0,0,0
dev_Burnsedia,0,0,0,0,2,0,0,0,0,0,0,0
dev_mrwillis,0,2,0,0,0,0,0,0,0,0,0,0
dev_Isai734,0,0,0,0,0,0,0,1,0,0,0,0
dev_joetidee,0,0,0,0,0,0,0,3,0,0,0,0
dev_zjiaxin2021,0,0,0,0,0,0,0,0,0,0,0,1
dev_Salinn,0,1,0,0,0,0,0,0,0,0,0,0
dev_hungarima,0,1,0,0,0,0,0,0,0,0,0,0
dev_ncovercash,0,1,0,0,0,0,0,0,0,0,0,0
dev_JohnPangalos,0,0,0,0,0,0,0,1,0,0,0,0
dev_aarongoldenthal,0,2,0,0,0,0,0,0,0,0,0,0
dev_mykhalov,0,0,2,0,0,0,0,0,0,0,0,0
dev_hohol92,0,0,0,1,0,0,0,0,0,0,0,0
dev_meercodebot,1,0,0,0,0,0,0,0,0,0,0,0
dev_Moonachi,0,0,0,0,0,0,0,0,0,0,1,0
dev_jenshandersson,0,0,0,0,0,0,0,0,0,0,0,1
dev_karneaud,0,0,0,1,0,0,0,0,0,0,0,0
dev_cinderblock,0,0,0,0,0,0,0,1,0,0,0,0
dev_OfficerHalf,0,0,0,0,0,1,0,0,0,0,0,0
dev_gausie,0,0,0,3,1,0,0,0,0,0,0,0
dev_NSGUF,0,0,0,0,0,0,0,0,1,0,0,0
dev_castarco,0,0,2,0,0,0,0,0,0,0,0,0
dev_alec-benson,0,0,0,0,0,1,1,0,0,0,0,0
dev_soh335,0,0,1,4,0,0,0,0,0,0,0,0
dev_johannesschobel,0,1,0,0,0,0,0,0,0,0,0,0
dev_bcronin2,3,0,0,0,0,0,0,0,0,0,0,0
dev_asith-w,0,1,0,0,0,0,0,0,0,0,0,0
dev_alexeychikk,0,0,0,0,0,0,2,0,0,0,0,0
dev_paschalidi,0,0,0,0,0,2,0,0,0,0,0,0
dev_dotansimha,5,0,33,0,4,28,5,2,4,0,34,4
dev_eddie-dunn,0,0,0,0,0,0,0,1,0,0,0,0
dev_mfranzke,0,0,1,0,0,0,0,0,0,0,0,0
dev_OthrysDev,0,0,0,1,0,0,0,0,0,0,0,0
dev_sfaman,0,1,0,0,0,0,0,0,0,0,0,0
dev_jchapelle,0,0,0,0,0,0,1,0,0,0,0,0
dev_definoob,0,0,0,0,0,0,0,0,0,0,1,0
dev_quckslvr,0,0,0,0,0,0,0,0,0,0,0,1
dev_happycollision,0,0,0,0,0,0,1,0,0,0,0,0
dev_paulmowat,0,0,0,0,0,0,0,0,0,0,0,1
dev_std4453,0,0,0,0,0,0,1,0,0,0,0,0
dev_psugihara-od,0,0,0,0,0,1,0,0,0,0,0,0
dev_namnm,0,1,0,0,0,0,0,0,0,0,0,0
dev_mardikarifqi,0,0,0,0,0,0,0,1,0,0,0,0
dev_afonsopbarros,0,0,0,0,0,0,0,0,0,0,0,2
dev_kylemh,0,4,2,0,0,0,0,0,0,0,0,1
dev_AbnerPS,0,2,0,0,0,0,0,0,0,0,0,0
dev_mmaietta,0,2,1,0,0,0,0,0,0,0,0,0
dev_jordanbtucker,0,0,3,0,0,0,0,0,0,0,0,0
dev_urbanclap-admin,0,0,0,0,0,0,2,0,0,0,0,0
dev_pldvd,1,0,0,0,0,0,0,0,0,0,0,0
dev_jakebrown58,0,0,0,0,0,0,0,2,0,0,0,0
dev_arkylin,0,0,0,0,0,1,0,0,0,0,0,0
dev_nomi4,0,0,0,2,0,0,0,0,0,0,0,0
dev_benbucksch,0,0,0,0,1,0,0,0,0,0,0,0
dev_mat-sf,0,0,0,0,0,0,0,0,0,1,0,0
dev_MacRayy,0,0,0,0,0,0,0,1,0,0,0,0
dev_daniilsolovey,0,0,0,0,0,0,1,0,0,0,0,0
dev_lifedup,0,0,0,0,0,3,0,0,0,0,0,0
dev_januwA,2,0,0,0,0,0,0,0,0,0,0,0
dev_kand,0,2,0,0,0,0,0,0,0,0,0,0
dev_pabloleone,1,0,0,0,0,0,0,0,0,0,0,0
dev_lauthieb,0,2,0,0,0,0,0,0,0,0,0,0
dev_andrewfritz86,0,0,0,0,0,0,0,0,0,0,4,0
dev_jacko1998,0,0,0,0,0,0,0,0,0,0,0,1
dev_ilibaz,0,0,0,0,0,1,0,0,0,0,0,0
dev_Zeyvo92,0,0,1,0,0,0,0,0,0,0,0,0
dev_HugoGresse,0,0,4,0,0,0,1,0,0,0,0,0
dev_ScottAwesome,0,0,0,1,0,0,0,0,0,0,0,0
dev_semiromid,0,0,0,3,0,0,0,0,0,0,0,0
dev_Prernabudh,0,0,0,0,0,1,0,0,0,0,0,0
dev_aramyesildeniz,0,0,0,0,0,0,0,0,0,0,1,0
dev_jleni,26,1,95,6,16,30,66,12,0,17,3,0
dev_Staryixing,2,0,0,0,0,0,0,0,0,0,0,0
dev_LeComptoirDesPharmacies,0,0,0,0,10,0,0,0,0,0,0,0
dev_benvalencia,0,2,0,0,0,0,0,0,0,0,0,0
dev_BespalovAV,0,0,0,0,1,0,0,0,0,0,0,0
dev_omid-ebrahimi,0,1,0,0,0,0,0,0,0,0,0,0
dev_tomasswood,0,0,2,0,0,0,0,0,0,0,0,0
dev_jes708,0,0,1,0,0,0,0,0,0,0,0,0
dev_TorvaldsDB,0,0,0,0,1,0,0,0,0,0,0,0
dev_pedrofurtado,0,0,0,2,0,0,0,0,0,0,0,0
dev_hyandell,0,1,0,0,0,0,0,0,0,0,0,0
dev_iamayushdas,0,0,0,0,0,5,0,0,0,0,0,0
dev_Wyatt23,0,0,0,0,0,0,0,1,0,0,0,0
dev_sourav-navsoft,0,2,0,0,0,0,0,0,0,0,0,0
dev_daniel-flex,0,0,0,0,0,1,0,0,0,0,0,0
dev_DarkDeveloper-Plant,0,0,0,0,0,0,1,0,0,0,0,0
dev_greenhat616,0,0,0,1,0,0,0,0,0,0,0,0
dev_aminya,1,0,0,1,2,1,0,0,0,0,0,0
dev_FabienChaynes,0,0,0,0,0,0,2,0,0,0,0,0
dev_rchl,0,0,0,0,0,0,1,0,0,0,1,0
dev_rungta,0,0,0,0,0,0,0,1,0,0,0,0
dev_KengoTODA,0,1,0,0,0,0,0,0,0,0,0,0
dev_alx8437,0,0,0,1,0,0,0,0,0,0,0,0
dev_comur,0,0,0,0,0,0,0,0,0,0,0,1
dev_kimixu717,1,0,0,0,0,0,0,0,0,0,0,0
dev_dotnetCarpenter,0,0,0,0,0,0,0,0,2,0,1,0
dev_mojobiri,0,0,0,0,0,0,0,1,0,0,0,0
dev_breadadams,0,0,0,0,0,2,0,0,0,0,0,0
dev_alexGuerraDev,0,0,0,0,0,1,0,0,0,0,0,0
dev_nearzeno,0,0,0,0,0,1,0,0,0,0,0,0
dev_tarunbhartiya7,0,1,0,0,0,0,0,0,0,0,0,0
dev_info-bit,0,0,1,0,0,0,0,0,0,0,0,0
dev_bixou,0,1,0,0,0,0,0,0,0,0,0,0
dev_xiaomeia,0,0,0,1,0,0,0,0,0,0,0,0
dev_Zerzavot,0,0,0,0,0,0,0,0,0,0,1,3
dev_dylanesque,0,0,0,0,1,1,0,0,0,0,0,0
dev_zhou9110,0,0,0,0,1,0,0,0,0,0,0,0
dev_LBojanic,0,0,0,0,0,0,0,1,0,0,0,0
dev_tomatobybike,0,0,0,0,0,0,0,1,0,0,0,0
dev_l4k5hm4n,0,0,0,0,0,1,0,0,0,0,0,0
dev_airtonix,0,0,0,1,0,0,0,0,0,0,0,0
dev_talelk,0,0,0,0,0,0,0,0,0,0,1,0
dev_ch-tactica,0,1,0,0,0,0,0,0,0,0,0,0
dev_FFdhorkin,0,0,0,0,0,0,0,0,0,0,1,0
dev_benjamingr,0,0,0,3,0,0,0,0,0,0,0,0
dev_Eternal21,0,0,0,0,0,0,3,0,0,0,0,0
dev_kirillgroshkov,0,1,0,0,0,1,0,1,0,0,0,0
dev_vicmajri,0,0,1,0,0,0,0,0,0,0,0,0
dev_MonkeeAlert,0,0,0,0,0,0,0,0,0,1,0,0
dev_abdonrd,0,2,1,1,3,0,0,0,0,0,0,0
dev_Adarsh-thedev,0,0,0,0,1,0,0,0,0,0,0,0
dev_Mintoo200,0,0,0,1,2,0,0,0,0,0,0,0
dev_lucianodltec,0,0,0,0,0,0,0,0,0,1,0,0
dev_almothafar,0,2,0,0,0,0,0,0,0,0,0,0
dev_AGSTRANGER,0,0,0,0,0,0,0,0,0,0,1,0
dev_Pezmc,0,1,0,0,0,0,0,0,0,0,0,0
dev_adamgreenough,0,0,1,0,0,0,0,0,0,0,0,0
dev_drptbl,0,0,0,0,0,1,0,0,0,0,0,0
dev_jimyhdolores,0,1,0,0,0,0,0,0,0,0,0,0
dev_MarceloPrado,0,0,0,0,0,0,0,0,1,0,0,0
dev_Preen,0,0,0,0,0,1,0,0,0,0,0,0
dev_thec0sm0s,3,0,0,0,0,0,0,0,0,0,0,0
dev_ErikCupal,1,0,0,0,0,0,0,0,0,0,0,0
dev_DarkSuniuM,0,0,0,1,0,0,0,0,0,0,0,0
dev_MariaSolOs,0,0,0,0,0,0,0,2,0,0,0,0
dev_castroCrea,0,0,0,0,0,1,0,0,0,0,0,0
dev_GajapatiBag,0,0,0,0,0,0,1,0,0,0,0,0
dev_dapplion,0,0,0,0,0,0,2,0,0,0,0,0
dev_Thatkookooguy,0,0,0,0,0,1,0,0,0,0,0,0
dev_Manxiong26,0,0,0,0,0,1,0,0,0,0,0,0
dev_nfriedly,18,8,0,0,3,2,1,0,2,0,0,0
dev_daviddunndiscovery,0,0,0,0,0,0,0,1,0,0,0,0
dev_zhangfand,0,1,0,0,0,0,0,0,0,0,0,0
dev_Ryuno-Ki,0,0,0,0,0,0,1,0,0,0,0,0
dev_harikumaraj07,0,0,0,0,0,0,0,0,0,0,1,0
dev_adamcooper1386,0,0,0,0,1,0,0,0,0,0,0,0
dev_devidy,0,0,0,1,0,0,0,0,0,0,0,0
dev_ehsan6sha,0,0,0,0,0,3,1,0,0,0,0,0
dev_angryfullstackdev,0,0,0,0,0,0,0,1,0,0,0,0
dev_ccmcbeck,0,0,0,0,0,0,0,0,0,1,0,0
dev_foray1010,0,4,0,0,0,0,0,0,0,0,0,0
dev_fengmk2,0,0,0,0,0,0,0,2,1,0,0,0
dev_atJiangBei,0,0,0,0,0,0,0,0,1,0,0,0
dev_aadi1999,0,0,0,0,0,1,0,0,0,0,0,0
dev_AgneLukoseviciute,0,0,0,0,0,0,2,0,0,0,0,0
dev_tech-doctor,0,0,0,0,0,2,1,0,0,0,0,0
dev_eliaslecomte,0,0,0,0,0,0,2,0,0,0,0,0
dev_Zannisdf,0,1,0,0,0,0,0,0,0,0,0,0
dev_gliiii,0,0,0,0,4,0,0,0,0,0,0,0
dev_parsadoc,0,0,0,0,0,0,0,0,0,0,1,0
dev_spyr0s,0,0,0,0,1,0,0,0,0,0,0,0
dev_Clonkex,3,0,0,0,0,0,0,0,0,0,0,0
dev_j-piasecki,0,0,0,0,0,0,24,245,85,13,124,74
dev_moondef,0,0,1,0,0,0,0,0,0,0,0,0
dev_duyphanz,0,1,0,0,0,0,0,0,0,0,0,0
dev_mcha-dev,0,0,2,0,0,0,0,0,0,0,0,0
dev_RandGor,0,0,0,4,0,0,0,0,0,0,0,0
dev_yingkongyi,0,0,0,0,0,1,0,0,0,0,0,0
dev_aymkin,0,1,0,0,0,0,0,0,0,0,0,0
dev_lauralouiset,0,0,0,1,0,0,0,0,0,0,0,0
dev_milklim,0,0,1,0,0,0,0,0,0,0,0,0
dev_pzrq,0,0,0,0,0,0,1,0,0,0,3,1
dev_mcchrish,0,1,0,0,0,0,0,0,0,0,0,0
dev_danilo-vieira,0,0,0,0,0,0,0,0,1,0,0,0
dev_milahu,1,0,0,0,0,0,0,0,0,0,0,0
dev_askdesigners,0,0,0,1,0,0,0,0,0,0,0,0
dev_libterty,1,0,0,0,0,0,0,0,0,0,0,0
dev_pkyeck,0,0,0,0,0,0,0,0,0,0,1,0
dev_alexstanbury,0,0,0,0,0,0,0,1,0,0,0,0
dev_ziacik,0,0,0,1,0,0,1,0,0,0,0,0
dev_caleb15,1,0,0,0,0,0,0,0,0,0,0,0
dev_midhunvnadh,0,0,0,2,0,0,0,0,0,0,0,0
dev_hamidash,0,1,0,0,0,0,0,0,0,0,0,0
dev_thanakij,0,1,0,0,1,0,0,0,1,0,0,0
dev_nbhector,0,0,0,0,0,0,1,0,0,0,0,0
dev_haibert,0,0,0,0,0,1,0,0,3,0,0,0
dev_mohammadribhee,1,0,0,0,0,0,0,0,0,0,0,0
dev_maxevilmind,0,0,0,0,1,0,0,0,0,0,0,0
dev_smouillour,0,0,0,0,0,1,0,0,0,0,0,0
dev_jbaudanza,0,0,0,0,0,0,0,0,0,0,0,2
dev_pabrams,0,1,0,0,0,0,0,0,0,0,0,0
dev_Wajahat049,1,0,0,0,0,0,0,0,0,0,0,0
dev_shahabt24,0,0,1,0,0,0,0,0,0,0,0,0
dev_TimoGlastra,0,0,0,0,0,1,0,0,0,0,0,0
dev_hardik2801,0,0,0,0,0,0,0,1,0,0,0,0
dev_NSNJRGL,0,2,0,0,0,0,0,0,0,0,0,0
dev_swittk,0,0,0,1,0,0,0,0,0,0,0,0
dev_derekschinke,0,1,1,0,0,0,0,0,0,0,0,0
dev_dharmveer18,0,0,0,0,0,1,0,0,0,0,0,0
dev_be-cosmin-neculau,0,4,0,0,0,0,0,0,0,0,0,0
dev_MineiToshio,0,0,0,0,0,1,0,0,0,0,0,0
dev_mrvisser,0,0,0,0,0,0,0,0,0,0,1,0
dev_harleenarora,0,0,0,0,0,0,1,0,0,0,0,0
dev_appsparkler,0,0,0,0,0,1,0,0,0,0,0,0
dev_amwebexpert,0,0,0,0,0,0,0,0,0,1,0,0
dev_iamsivin,0,0,0,2,0,0,0,0,0,0,0,0
dev_sholladay,0,0,0,0,0,0,0,0,1,0,0,0
dev_TSMMark,0,0,0,0,0,0,0,0,0,0,0,1
dev_Allybu,0,1,0,0,0,0,0,0,0,0,0,0
dev_nlochschmidt,0,0,0,0,0,0,1,0,0,0,0,0
dev_zoispag,0,0,0,0,0,1,1,0,0,0,0,0
dev_elsurudo,0,0,0,0,0,0,1,0,0,0,0,0
dev_svedbg,0,0,0,0,0,0,0,0,0,0,1,1
dev_shashwat3010,0,0,0,0,1,0,0,0,0,0,0,0
dev_malindawijekoon-usn,0,0,1,0,0,0,0,0,0,0,0,0
dev_mikos,1,0,0,0,0,0,0,0,0,0,0,0
dev_simo54,0,0,0,1,0,0,0,0,0,0,0,0
dev_mfy5013,0,0,0,2,0,0,0,0,0,0,0,0
dev_Thavry,1,0,0,0,0,0,0,0,0,0,0,0
dev_nbaua,0,1,0,0,0,0,0,0,0,0,0,0
dev_okosodovictor,0,0,0,0,0,1,0,0,0,0,0,0
dev_AriaPokotengYe,0,1,0,0,0,0,0,0,0,0,0,0
dev_phosphore,1,0,0,0,0,0,0,0,0,0,0,0
dev_antonis-zisis,0,0,0,1,0,0,0,0,0,0,0,0
dev_dachoy,0,0,0,0,0,0,1,0,1,0,0,0
dev_tomekzaw,0,0,0,0,0,0,0,0,0,0,12,39
dev_nibilly7,0,0,0,0,1,0,0,0,0,0,0,0
dev_warnellw,0,0,0,0,1,0,0,0,0,0,0,0
dev_daviddelusenet,0,0,0,3,0,0,0,0,0,0,0,0
dev_dopoto,0,0,0,0,0,0,0,0,2,0,0,0
dev_geooogle,0,0,0,0,0,0,0,0,0,0,0,1
dev_pranshuchittora,0,0,0,0,1,0,0,0,0,0,0,0
dev_avalenti89,0,0,0,0,0,0,0,0,0,0,1,0
dev_Joy6000,0,0,4,0,0,0,0,0,0,0,0,0
dev_ai,0,2,2,3,6,4,0,2,6,0,0,13
dev_Daniel0liver,0,0,0,0,0,0,0,0,0,0,1,0
dev_katannshaw,0,0,0,0,0,0,0,0,0,1,0,0
dev_nsisodiya,0,3,0,0,0,0,0,0,0,0,0,0
dev_Enase,0,0,0,0,1,0,0,0,0,0,0,0
dev_johanneswuerbach,1,0,0,0,0,0,0,0,0,0,0,0
dev_jaredwray,0,0,0,0,0,0,0,0,0,65,81,37
dev_medikoo,0,0,0,0,0,2,0,0,0,0,0,0
dev_jimmywarting,0,1,0,0,3,2,0,0,0,1,2,1
dev_julienw,0,0,1,0,0,0,0,0,0,0,0,0
dev_ajsaraujo,0,0,0,0,0,0,0,0,0,0,1,0
dev_Gamote,0,0,0,0,0,0,0,0,0,0,1,0
dev_euthribeiro,0,0,0,0,0,1,0,0,0,0,0,0
dev_ggarciao,0,0,0,0,0,0,0,0,0,0,1,0
dev_mkreidenweis-schulmngr,1,0,0,2,0,1,0,0,0,0,0,0
dev_brunoimbrizi,0,0,0,0,0,0,0,0,0,0,0,1
dev_ramiel1999,0,0,0,0,0,0,0,0,0,0,0,1
dev_cscleison,0,0,0,0,0,0,0,0,0,0,0,1
dev_ShruthiTP08,0,0,0,0,1,0,0,0,0,0,0,0
dev_pk-controller,0,0,0,0,0,0,1,0,0,0,0,0
dev_kevinschaffter,0,0,1,0,0,0,0,0,0,0,0,0
dev_lcoq,0,0,0,0,2,0,0,0,0,0,0,0
dev_SpertsyanKM,0,0,0,0,0,0,0,0,0,1,0,0
dev_Hacaw,0,0,1,0,0,0,0,0,0,0,0,0
dev_Milo123459,0,36,0,1,0,0,0,0,0,0,0,0
dev_enterteg,0,0,0,0,0,0,0,0,14,0,0,0
dev_huurray,0,2,0,0,0,0,0,0,0,0,0,0
dev_haveamission,0,0,0,0,0,0,0,0,0,0,1,0
dev_natakina,0,0,1,1,0,0,0,0,0,0,0,0
dev_autarchprinceps,2,0,0,0,0,0,0,0,0,0,0,0
dev_mhammerc,0,0,0,0,0,0,1,0,0,0,0,0
dev_sibiraj-s,0,0,0,0,0,0,0,0,0,1,0,2
dev_z-flash,0,0,0,0,0,0,0,1,0,0,0,0
dev_snuuve,0,2,0,0,0,0,0,0,0,0,0,0
dev_kovkev,0,0,0,0,0,0,0,1,0,0,0,0
dev_rimjhim07,0,0,0,0,0,0,0,0,0,0,0,1
dev_h4091,0,0,0,0,1,0,0,0,0,0,0,0
dev_TomCorvus,0,0,0,0,0,0,0,0,0,0,1,0
dev_AustinB12,0,0,0,0,1,0,0,0,0,0,0,0
dev_wangi4myself,0,0,0,0,0,0,0,1,0,0,0,0
dev_jinbae9875,0,0,0,0,0,1,0,0,0,0,0,0
dev_jamiehaywood,0,1,1,0,0,0,1,0,0,0,0,0
dev_DimaIpatii,1,0,0,0,0,0,0,0,0,0,0,0
dev_SebastianStroniewskiWojtczak,0,0,2,0,0,0,0,0,0,0,0,0
dev_AlbertoPaulPopescu,0,0,0,0,0,0,1,0,0,0,0,0
dev_vincerubinetti,0,0,0,0,0,0,0,0,0,0,1,0
dev_MarcoFriz,0,0,0,0,0,0,0,0,1,0,0,0
dev_jlubeck,0,0,0,0,0,0,4,0,0,0,0,0
dev_michelson,0,0,0,0,1,0,0,0,0,0,0,0
dev_zbjornson,80,3,3,1,0,0,27,23,41,0,10,2
dev_csimone86,0,0,0,0,0,0,0,1,0,0,0,0
dev_AskAlice,0,0,0,1,0,0,0,0,0,0,0,0
dev_gMorning-Wp,0,0,2,0,0,0,0,0,0,0,0,0
dev_lukeeno,0,0,1,0,0,0,0,0,0,0,0,0
dev_Swyatoslaw,0,0,1,0,0,0,0,0,0,0,0,0
dev_jakub-gonet,94,292,58,35,61,6,129,392,60,4,17,0
dev_kesha-antonov,0,0,0,0,0,0,2,0,0,0,0,0
dev_FaisalBinAhmed,0,0,0,0,0,0,0,0,0,0,0,6
dev_ireshdudeja,0,0,0,0,0,1,0,0,0,0,0,0
dev_antikvarBE,1,0,0,0,0,0,0,0,0,0,0,0
dev_sourceful-julian,0,0,0,0,0,0,1,0,0,0,0,0
dev_xgqfrms,0,0,1,0,0,0,0,0,0,0,0,0
dev_nnguyen52,0,0,0,0,0,0,3,0,0,0,0,0
dev_sophistifunk,0,0,0,0,3,0,0,0,0,0,0,0
dev_maxcnunes,0,0,0,0,3,0,0,0,0,0,0,0
dev_rllola,26,12,4,2,0,29,14,15,3,2,4,0
dev_florello-tbox,0,1,0,0,0,0,0,0,0,0,0,0
dev_axelthat,0,0,0,0,0,0,1,0,0,0,0,0
dev_markcellus,0,0,0,0,1,0,2,0,0,0,0,0
dev_miaoxn,0,0,1,0,0,0,0,0,0,0,0,0
dev_gmonte,0,1,0,0,0,0,0,0,0,0,0,0
dev_david10sing,0,0,0,0,0,0,0,0,1,0,0,0
dev_jquense,0,0,1,0,0,0,0,0,0,0,0,0
dev_okechukwu0127,0,0,0,0,1,0,0,0,0,0,0,0
dev_kmacdonaO,0,0,0,0,1,0,0,0,0,0,0,0
dev_adamrhunter,0,0,0,0,0,0,0,0,0,1,0,0
dev_remcohaszing,0,0,0,6,0,0,0,3,0,0,0,0
dev_javed7891,0,0,0,0,0,0,0,0,1,0,0,0
dev_lukewlms,0,4,0,0,0,0,0,0,0,0,0,0
dev_moaazassali,0,0,0,0,0,0,0,1,0,0,0,0
dev_kitsoRik,0,1,0,0,0,0,0,0,0,0,0,0
dev_saper,0,0,13,44,2,0,2,0,0,0,0,0
dev_RadekKosiada,0,0,0,0,0,1,0,0,0,0,0,0
dev_huyvohcmc,0,0,2,1,0,0,0,0,0,0,0,0
dev_RRaideRR,0,0,0,0,0,0,1,0,0,0,0,0
dev_kvetoslavnovak,0,0,0,0,0,0,0,0,0,0,0,1
dev_thiagosaud,0,0,0,3,0,0,0,0,0,0,0,0
dev_nhhockeyplayer,0,0,0,0,0,1,0,0,0,0,0,0
dev_AriPerkkio,0,1,0,0,0,0,0,0,0,0,0,0
dev_danantal,0,0,0,0,0,3,0,0,0,1,0,0
dev_nicolas-goudry,0,5,1,0,1,0,0,0,0,1,0,0
dev_alexb-uk,0,0,0,0,0,0,0,0,0,0,1,0
dev_chrisgrabinski,0,0,0,0,0,0,1,0,0,0,0,0
dev_sherif95,0,0,0,0,0,1,1,0,0,0,0,0
dev_Haseeba393,0,0,0,0,0,0,0,0,0,0,0,1
dev_lexguy,0,0,3,0,0,0,0,0,0,0,0,0
dev_MohammedALREAI,1,0,0,0,0,0,0,0,0,0,0,0
dev_omonk,0,1,0,0,0,0,0,0,0,0,0,0
dev_JuliusAboagye,0,0,0,0,0,0,0,0,1,0,0,0
dev_tcurdt,0,0,0,3,0,0,0,0,0,0,0,0
dev_jahed,0,4,0,0,0,0,0,0,0,0,0,0
dev_creage,0,0,0,3,0,0,0,0,0,0,0,0
dev_sexta13,0,0,1,0,0,0,0,0,0,0,0,0
dev_robross0606,0,2,0,0,0,0,0,0,0,0,0,0
dev_NK-WEB-Git,0,0,0,0,0,0,0,0,0,0,0,1
dev_Svish,0,0,0,0,0,0,0,1,0,0,0,0
dev_Inchill,0,0,0,0,0,0,0,0,0,1,0,0
dev_maurozenoni,0,0,0,0,1,0,0,0,0,0,0,0
dev_BondJamesBond700,1,0,0,0,0,0,0,0,0,0,0,0
dev_joneath,0,0,0,0,0,0,1,0,0,0,0,0
dev_slaby93,0,1,0,0,0,0,0,0,0,0,0,0
dev_thany,0,0,0,0,0,0,3,0,5,0,2,0
dev_zachdixon,0,0,0,0,0,0,1,0,0,0,0,0
dev_pxl-live,1,0,0,0,0,0,0,0,0,0,0,0
dev_James-Reed-cognito,0,1,0,0,0,0,0,0,0,0,0,0
dev_sareme,0,0,0,3,0,0,0,0,0,0,0,0
dev_chalkygames123,0,4,1,0,0,0,0,0,0,0,0,0
dev_fstrube,0,2,0,0,0,0,1,0,0,0,0,0
dev_Guribeiro,0,0,0,1,0,0,0,0,0,0,0,0
dev_joneff,0,1,0,0,0,0,0,0,0,0,0,0
dev_quicklearning123,0,0,0,0,0,0,0,1,0,0,0,0
dev_desai-hardik,0,0,0,0,0,0,1,0,0,0,0,0
dev_adilhafeez,0,0,0,0,0,0,0,0,8,0,0,0
dev_abhijit945,0,1,0,0,0,0,0,0,0,0,0,0
dev_aditya-keri-betterhalf,0,0,0,0,0,0,0,0,3,0,0,0
dev_nschonni,8,11,2,28,37,24,29,24,14,7,14,38
dev_chakrihacker,0,0,0,0,0,0,0,3,0,0,0,0
dev_samarara,0,0,0,4,0,0,0,0,1,0,0,0
dev_Karrq,0,11,0,0,0,0,0,0,0,0,0,0
dev_TheBrenny,0,0,0,0,0,0,1,0,0,0,0,0
dev_kawazoe,2,2,0,0,0,0,0,0,0,0,0,0
dev_bk201-,0,0,0,2,0,0,0,0,0,0,0,0
dev_mahapajapati,0,0,0,0,0,0,0,0,0,0,0,1
dev_luizwhite,0,1,0,1,0,0,0,0,0,0,0,0
dev_itjustwerks,0,0,0,0,1,0,0,0,0,0,0,0
dev_alvinometric,0,0,0,0,0,1,0,0,0,0,0,0
dev_BarakMaozCIQ,1,0,0,0,0,0,0,0,0,0,0,0
dev_prebra,0,0,0,0,0,0,1,0,0,0,0,0
dev_Karmalakas,0,0,0,0,0,0,0,0,0,0,1,0
dev_bokub,0,0,0,0,0,0,0,0,0,0,0,1
dev_joshua-smith4,0,1,0,0,0,0,0,0,0,0,0,0
dev_mondeja,0,2,0,0,0,0,0,0,0,0,0,0
dev_czescwojtek,0,0,0,5,0,1,0,0,0,0,0,0
dev_alexander-schranz,0,0,3,0,0,0,0,0,0,0,0,0
dev_learncodingforweb,0,0,2,0,0,0,0,0,0,0,0,0
dev_mlbiche,0,0,0,0,0,0,0,0,1,0,0,0
dev_tomleo,0,0,0,1,0,0,0,0,0,0,0,0
dev_swushi,0,0,0,0,0,0,3,0,0,0,0,0
dev_csantos1113,0,1,0,0,0,0,0,0,0,0,0,0
dev_kapekost,0,0,0,1,0,0,0,0,0,0,0,0
dev_emilg,0,0,0,0,0,0,0,0,0,1,0,0
dev_mbangali,0,0,0,0,0,0,0,0,1,0,0,0
dev_thomas-coldwell,0,0,0,0,0,0,1,0,0,0,0,0
dev_kkmavr,0,0,0,0,0,0,0,0,0,0,1,0
dev_sosualfred,0,0,0,0,0,1,0,0,0,0,0,0
dev_florian-milky,1,0,0,0,0,0,0,0,0,0,0,0
dev_andrewlmurray,0,0,0,0,0,0,0,0,0,0,1,0
dev_surhidamatya,0,0,0,0,0,0,0,0,0,1,0,0
dev_fschulze,0,1,0,0,0,0,0,0,0,0,0,0
dev_karol-bisztyga,1,0,0,0,0,0,0,0,0,0,0,0
dev_nicode-io,0,0,0,0,0,0,0,0,0,0,0,1
dev_TravisBallard,0,0,0,0,2,0,0,0,0,0,0,0
dev_michalenr,0,0,0,1,0,0,0,0,0,0,0,0
dev_Poyoman39,0,0,0,1,0,0,0,0,0,0,0,0
dev_xRiot,0,0,1,0,0,0,0,0,0,0,0,0
dev_samchidi2005,0,0,0,0,0,1,0,0,0,0,0,0
dev_flefundes,0,0,0,0,0,0,0,1,0,0,0,0
dev_Makki7,2,0,0,0,0,0,0,0,0,0,0,0
dev_matsad3547,0,2,0,0,0,0,0,0,0,0,0,0
dev_rdeift,0,0,0,0,0,0,0,0,0,0,1,0
dev_fabriziobertoglio1987,0,0,1,0,0,0,0,0,0,0,0,0
dev_xevenheaven,0,0,0,0,0,0,0,0,1,0,0,0
dev_arjunadeltoso,0,0,0,0,0,0,1,0,0,0,0,0
dev_CamilleDrapier,0,0,0,0,0,0,0,0,0,1,0,0
dev_abramenko95,0,0,0,0,0,0,0,0,0,0,2,0
dev_tomcatmwi,0,0,0,0,0,1,0,0,0,0,0,0
dev_fjeddy,0,0,0,1,0,0,0,0,0,0,0,0
dev_nanhapy,0,0,1,0,0,0,0,0,0,0,0,0
dev_jonathanong,0,0,0,0,0,0,0,2,0,0,0,0
dev_escowart,0,0,0,0,0,0,0,0,0,1,0,0
dev_wagenet,1,0,0,0,0,0,0,0,0,0,0,0
dev_f-roland,0,2,0,0,0,0,0,0,0,0,0,0
dev_jakejarvis,0,1,0,0,0,0,0,0,0,0,0,0
dev_atstockland,0,0,0,1,0,0,0,0,0,0,0,0
dev_num8er,0,0,1,0,0,0,0,0,0,0,0,0
dev_trajano,0,0,0,0,0,0,0,0,2,0,0,0
dev_A-Shleifman,0,0,0,0,0,0,0,1,0,0,0,0
dev_miguelsmuller,0,0,0,0,0,0,5,0,0,0,0,0
dev_SrBrahma,0,0,0,0,0,0,0,0,0,0,0,3
dev_valtlai,0,2,0,0,0,0,0,0,0,0,0,0
dev_pedromesmer,0,0,0,0,0,0,0,0,0,0,0,1
dev_ooliver1,0,0,0,0,0,0,0,0,0,0,2,0
dev_koushikv04,3,0,0,0,0,0,0,0,0,0,0,0
dev_JavascriptDeNoobAPro,0,0,0,0,0,0,0,1,0,0,0,0
dev_ktfth,0,0,0,0,2,0,0,0,0,0,0,0
dev_stoplion,0,0,0,0,0,0,0,0,0,0,1,0
dev_l3ender,0,0,0,0,0,3,0,0,0,0,0,0
dev_leepowelldev,0,2,0,0,0,0,0,0,0,0,0,0
dev_alexarsh,0,0,0,0,0,0,0,0,0,1,0,0
dev_srmasharad,0,0,0,0,1,0,0,0,0,0,0,0
dev_Mahir92,0,0,0,0,0,0,0,0,1,0,0,0
dev_bmish,0,0,0,0,0,0,0,0,0,0,1,0
dev_Fraganya,0,1,0,0,0,0,0,0,0,0,0,0
dev_abhinavkgrd,0,0,0,0,0,0,0,0,0,0,1,0
dev_NeliHarbuzava,0,0,0,0,0,0,0,1,0,0,0,0
dev_zozo8,0,1,0,0,0,0,0,0,0,0,0,0
dev_vladkasianenko,0,0,0,3,0,0,0,0,0,0,0,0
dev_thernstig,0,0,0,5,0,0,0,0,0,0,0,0
dev_timbrandin,0,0,0,0,0,0,0,0,0,0,1,0
dev_willisplummer,0,0,0,0,2,0,0,0,0,0,0,0
dev_stychu,0,0,0,0,0,0,1,0,0,0,0,0
dev_1Jesper1,0,0,0,0,0,0,0,0,0,1,0,0
dev_DBullHDi,0,0,0,0,0,1,0,0,0,0,0,0
dev_paulmboyce,0,4,0,0,0,0,0,0,0,0,0,0
dev_PowerKiKi,0,0,0,0,1,0,0,0,0,0,0,0
dev_robertherber,0,0,0,0,1,0,0,0,0,0,0,0
dev_sammiepls,0,0,0,0,0,0,1,0,0,0,0,0
dev_leodr,0,0,0,1,0,0,0,0,0,0,0,0
dev_mathiasbynens,1,0,0,0,0,0,0,0,0,0,0,0
dev_Hardik500,0,0,0,0,0,2,0,0,0,0,0,0
dev_KL13NT,0,1,0,0,0,0,0,0,0,0,0,0
dev_trentm,0,0,0,0,0,0,0,0,0,0,1,0
dev_frontendj,0,0,0,0,0,1,0,0,0,0,0,0
dev_neyio,1,0,0,0,0,0,0,0,0,0,0,0
dev_sergeu90,0,1,0,0,0,0,0,0,0,0,0,0
dev_itstueben,0,1,0,0,0,0,0,0,0,0,0,0
dev_hukpavlo,0,0,0,0,1,0,0,0,0,0,0,1
dev_fashen007,0,0,0,0,1,0,0,0,0,0,0,0
dev_guaizi149,0,0,0,1,0,0,0,0,0,0,0,0
dev_jlengstorf,0,0,0,0,0,1,0,0,0,0,0,0
dev_mehmetyilmaz001,0,0,0,0,0,1,0,0,0,0,0,0
dev_alokjethanandani,0,0,0,3,0,0,0,0,0,0,0,0
dev_nandorojo,0,0,1,0,2,0,0,1,0,0,0,0
dev_Noah-Huppert,1,0,0,0,0,0,0,0,0,0,0,0
dev_imcyee,0,0,1,0,0,0,0,0,0,0,0,0
dev_Bartewicz,0,0,0,0,0,0,0,0,0,0,1,0
dev_bastiandev,0,0,0,0,0,0,0,1,0,0,0,0
dev_lifeilu,0,0,0,0,0,0,3,0,0,0,0,0
dev_dhleong,0,0,0,0,0,0,0,0,0,0,1,0
dev_donkirkby,0,0,0,0,0,1,0,0,0,0,0,0
dev_timurridjanovic,0,0,0,0,0,0,2,0,0,0,0,0
dev_igisev,0,0,0,0,0,0,0,0,1,0,0,0
dev_miduoN,0,0,0,0,0,0,1,0,0,0,0,0
dev_toymachiner62,0,0,0,0,0,0,0,6,1,0,0,0
dev_drpicox,0,0,1,2,0,0,0,0,0,0,0,0
dev_LotfiOR,0,0,0,0,0,0,0,0,0,0,1,0
dev_Bartuz,0,0,0,0,0,0,1,0,0,0,0,0
dev_EvHaus,0,0,0,0,0,0,1,0,0,0,0,0
dev_newfylox,0,0,1,0,0,0,0,0,0,0,0,0
dev_benjaminwaterlot,0,0,0,0,0,0,2,0,0,0,0,0
dev_PaulDuong1,0,0,0,0,0,0,0,0,0,0,1,0
dev_leonardcser,0,0,0,0,3,0,0,0,0,0,0,0
dev_hweihoh8899,0,0,0,0,0,0,0,0,0,0,1,0
dev_Yrsafam,0,0,0,1,0,0,0,0,0,0,0,0
dev_haoadoresorange,0,0,0,0,0,0,0,0,0,0,1,0
dev_VGuanCentra,0,0,1,0,0,0,0,0,0,0,0,0
dev_BobSarfo,0,0,0,0,0,0,1,0,0,0,0,0
dev_ekrresa,0,0,0,0,0,0,1,0,0,0,0,0
dev_MrIndra,0,0,0,0,0,3,0,0,0,0,0,0
dev_kacperkapusciak,0,0,0,0,0,0,0,0,0,0,1,6
dev_alexsorinsky,0,0,0,1,0,0,0,0,0,0,0,0
dev_nikkov,0,0,0,0,0,0,0,0,0,0,0,1
dev_NguyenHoangMinhkkkk,0,0,0,0,1,0,0,0,0,0,0,0
dev_JoshuaKGoldberg,0,0,0,0,0,0,1,0,0,0,0,4
dev_hubciorz,0,0,0,0,0,0,0,0,0,0,1,0
dev_cujarrett,0,0,0,0,0,0,0,0,0,0,0,2
dev_hattamsoyunov,0,0,0,0,0,0,0,0,0,0,1,0
dev_icecream17,0,0,0,0,0,0,0,0,0,1,0,0
dev_damikdk,0,0,0,0,0,0,0,1,0,0,0,0
dev_beppe9000,1,0,0,0,1,0,0,0,0,0,0,0
dev_laurencefass,0,0,0,0,0,0,1,0,0,0,0,0
dev_rafalmaciejewski,0,0,0,1,0,0,0,0,0,0,0,0
dev_martinvaillancourt,0,0,0,0,0,0,1,0,0,0,0,0
dev_tatupesonen,0,0,0,0,0,0,0,0,1,0,0,0
dev_WendelSantosD,0,1,0,0,0,0,0,0,0,0,0,0
dev_jmejiaxdev,1,0,0,0,0,0,0,0,0,0,0,0
dev_loversun08,0,0,0,0,0,0,0,0,1,0,0,0
dev_saurabh-dev15,0,0,0,0,0,0,1,0,0,0,0,0
dev_RochelleLong,0,0,0,0,0,0,0,0,0,0,0,1
dev_Golodhros,0,0,0,1,1,0,0,0,0,0,0,0
dev_sserdyuk,0,0,0,0,0,0,0,0,3,0,0,0
dev_gavinhughes,0,0,0,0,0,0,0,0,1,0,0,0
dev_xencodes,0,0,0,0,0,0,1,0,0,0,0,0
dev_dimensi,0,0,0,0,0,0,0,0,0,0,1,0
dev_vith,0,0,0,0,1,0,0,0,0,0,0,0
dev_oller,0,0,0,0,2,0,0,0,0,0,0,0
dev_mdart86,0,0,0,0,6,0,0,0,0,0,0,0
dev_NicholasBoccuzzi,0,0,0,0,0,0,0,0,0,0,0,1
dev_judemorrissey,0,1,0,3,0,0,0,0,0,0,0,0
dev_sirreal,0,0,0,0,4,0,0,0,0,0,0,0
dev_RobertMcMorran,0,0,0,0,0,1,0,0,0,0,0,0
dev_tonivj5,0,1,0,0,0,0,0,0,0,0,0,0
dev_Felicia5,0,4,1,1,0,0,0,0,0,0,0,0
dev_Pratama-lab,0,3,0,0,0,0,0,0,0,0,0,0
dev_patrickarlt,0,0,4,0,0,0,0,0,0,0,0,0
dev_levibuzolic,0,0,0,0,1,0,0,0,0,0,0,0
dev_priverop,0,1,0,0,1,0,0,0,0,0,0,0
dev_arsize,0,0,0,0,0,1,0,0,0,0,0,0
dev_5bsh,1,0,0,0,0,0,0,0,0,0,0,0
dev_Anthea-L,1,0,0,0,0,0,0,0,0,0,0,0
dev_Jeffthedevlol,0,0,0,0,0,0,0,0,0,0,0,1
dev_nikeee,0,0,3,0,0,0,0,0,0,0,0,0
dev_jerearaujo03,0,1,0,0,0,0,0,0,0,0,0,0
dev_Romulo-S,0,0,0,0,0,0,0,0,1,0,0,0
dev_dominickudiabor,0,0,0,0,0,0,1,0,0,0,0,0
dev_KhachDavid,0,0,0,0,0,0,0,0,0,0,0,2
dev_MartinDevillers,1,0,0,0,0,0,0,0,0,0,0,0
dev_yolpsoftware,1,0,2,0,0,0,0,0,0,0,0,1
dev_sebmellen,0,0,0,0,0,0,0,0,0,0,1,0
dev_sultanularefin,0,0,0,1,0,0,0,0,0,0,0,0
dev_nicolas-0F0,0,0,0,0,0,0,0,0,0,0,1,0
dev_Cherviakov,0,1,3,0,0,0,0,0,0,0,0,0
dev_xmflsct,1,0,0,0,0,0,0,0,0,0,0,0
dev_lyhper,0,0,0,0,0,1,0,0,0,0,0,0
dev_red2678,10,0,0,0,0,0,0,0,0,0,0,0
dev_Faolain,0,0,0,0,2,0,0,0,0,0,0,0
dev_rifftual,0,0,0,0,0,1,0,0,0,0,0,0
dev_codecov-commenter,0,0,0,0,0,0,0,1,0,0,0,0
dev_cody-greene,0,0,0,0,0,0,0,0,0,0,0,2
dev_vitpankin,0,0,0,0,0,0,0,0,1,0,0,0
dev_Guuz,0,0,1,0,0,0,0,0,0,0,0,0
dev_zhaohongyan,0,0,2,0,0,0,0,0,0,0,2,0
dev_TuNguyenThanh,0,0,0,0,0,0,0,0,0,1,0,0
dev_adam-arold,0,0,0,0,0,3,0,0,0,0,0,0
dev_JoydS,0,0,0,0,3,0,0,0,0,0,0,0
dev_nkov,0,0,0,0,0,0,0,0,1,0,0,0
dev_akhand1111,0,1,0,0,0,0,0,0,0,0,0,0
dev_SMEETT,0,0,0,0,0,0,0,0,0,0,0,1
dev_therealgilles,3,0,0,1,0,0,0,0,0,0,0,0
dev_RahulRijhwani,0,1,0,0,0,0,0,0,0,0,0,0
dev_lukeed,0,0,0,0,0,0,0,1,0,0,0,0
dev_igor-max,0,0,0,0,0,0,0,0,0,1,0,0
dev_shryder,0,0,0,0,0,0,0,0,1,0,0,0
dev_alexey-sh,0,1,0,0,0,0,0,0,0,0,0,0
dev_msageryd,0,0,0,0,0,0,0,0,0,0,0,2
dev_VictorPullzz,0,0,0,0,0,1,0,0,0,0,0,0
dev_vibhavsinha,0,1,0,0,0,0,0,0,0,0,0,0
dev_elchininet,0,0,0,0,0,1,0,0,0,0,0,0
dev_MOwais,0,0,0,0,0,0,0,4,0,0,0,0
dev_iandunn,0,0,0,0,0,0,0,0,1,0,0,0
dev_Mathiaslachot,0,0,0,0,1,1,0,0,0,0,0,0
dev_tjbulick,1,0,0,0,0,0,0,0,0,0,0,0
dev_laura-barluzzi,0,0,1,0,0,0,0,0,0,0,0,0
dev_yordis,0,0,0,0,0,0,5,0,2,0,0,0
dev_runthis,0,0,0,0,0,0,0,0,0,0,0,1
dev_abubakir1997,0,0,0,1,0,0,0,0,0,0,0,0
dev_jhinter,0,0,0,1,0,0,0,0,0,0,0,0
dev_Githamza,1,0,0,0,0,0,0,0,0,0,0,0
dev_fmaddenflx,0,0,0,0,0,0,0,0,0,0,0,1
dev_t-pyrope,0,0,0,0,1,0,0,0,0,0,0,0
dev_huangningfa,0,0,0,1,0,0,0,0,0,0,0,0
dev_IbrahimCanKALYA,1,0,0,0,0,0,0,0,0,0,0,0
dev_davout1806,0,0,3,0,0,0,0,0,0,0,0,0
dev_Bardiamist,0,0,2,0,0,0,0,0,0,0,0,0
dev_ykolbin,0,0,0,0,0,4,0,0,0,0,0,0
dev_ottomata,0,0,0,0,0,0,2,0,0,0,0,0
dev_Svarto,5,0,0,0,0,0,1,0,0,0,0,0
dev_martin-g,0,0,0,0,0,0,0,0,0,0,1,0
dev_petersowa,0,0,3,0,0,0,0,0,0,0,0,0
dev_adriaanvanrossum,0,0,0,0,0,0,0,0,0,3,0,0
dev_rafeautie,0,0,0,1,0,0,0,0,0,0,0,0
dev_goto-bus-stop,0,0,0,0,2,0,0,0,0,5,0,0
dev_fnoquiq,0,0,1,0,0,0,0,0,0,0,0,0
dev_maoueh,0,0,1,0,0,0,0,0,0,0,0,0
dev_jcpeden,0,0,0,0,0,0,1,0,0,0,0,0
dev_suprewen,0,0,0,0,0,0,0,0,0,0,1,0
dev_korgon,0,0,0,0,0,0,1,0,0,0,0,0
dev_chrisluckhardt,0,0,0,0,1,0,0,0,0,0,0,0
dev_luquera,0,0,0,0,3,0,0,0,1,0,0,0
dev_wangmeijian,0,0,0,0,0,0,0,0,0,0,1,1
dev_walterholohan,0,0,0,1,0,0,0,0,0,0,0,0
dev_DanielRuf,2,0,0,0,0,0,1,0,0,0,0,0
dev_aalhitennf,0,0,0,0,0,0,0,1,0,0,0,0
dev_quoininc-huudatran,0,0,3,0,0,0,0,0,0,0,0,0
dev_nareshbhatia,0,0,0,0,0,6,0,0,0,0,0,0
dev_pmer,0,3,0,0,0,0,0,0,0,0,0,0
dev_gorohash,0,0,1,0,1,0,0,0,0,0,0,0
dev_SudharsanSukumar,0,0,0,0,1,0,0,0,0,0,0,0
dev_Robin-Hoodie,0,1,0,0,0,0,0,0,0,0,0,0
dev_sherlock84,0,0,0,0,0,0,0,0,0,0,1,0
dev_stefanpenner,0,0,0,0,0,12,0,0,0,0,0,0
dev_AlexSirenko,0,0,0,0,0,0,0,0,0,1,0,0
dev_acidSnkj,0,0,0,2,0,0,0,0,0,0,0,0
dev_LinnJS,0,1,0,0,0,0,0,0,0,0,0,0
dev_alexfov,0,0,0,0,0,0,1,0,0,0,0,0
dev_aprilmintacpineda,0,2,0,0,0,0,0,0,0,0,0,2
dev_hiteshSavkare,0,0,0,0,0,0,0,0,0,0,1,0
dev_Brolly0204,0,0,1,0,0,0,0,0,0,0,0,0
dev_becky-intelletive,0,0,0,0,0,0,0,1,0,0,0,0
dev_dandre-hound,1,0,0,0,0,0,0,0,0,0,0,0
dev_LuckyMona,0,0,0,0,0,0,0,0,0,0,0,1
dev_ngocdaothanh,0,5,0,0,0,0,0,0,0,0,0,0
dev_fauziagustian,0,0,0,0,1,0,0,0,0,0,0,0
dev_UtmostCreator,0,0,0,1,0,0,0,0,0,0,0,0
dev_armornet,0,0,0,0,0,0,0,0,0,0,0,1
dev_malash,0,0,0,0,0,0,0,0,0,0,1,0
dev_fadmal,1,0,0,0,0,0,0,0,0,0,0,0
dev_mrdezzods,0,0,0,0,0,0,0,0,0,0,0,1
dev_rafaelmaeuer,0,0,0,0,0,0,0,0,0,0,0,1
dev_qasim-appiskey,0,0,0,0,0,0,0,0,2,0,0,0
dev_nhannah,0,0,1,0,0,0,0,0,0,0,0,0
dev_henriquehbr,0,0,0,0,0,0,0,1,0,1,0,0
dev_devinrhode2,0,0,0,0,0,0,0,1,3,1,0,4
dev_azu,0,3,0,0,0,0,0,0,0,0,0,0
dev_NicolasM99,0,0,1,0,0,0,0,0,0,0,0,0
dev_alexgurr,0,0,0,0,0,0,0,2,0,0,0,0
dev_NoriSte,0,0,0,0,0,1,0,0,0,0,0,0
dev_Jonovono,0,0,0,0,0,0,0,0,0,0,1,0
dev_k-macko,0,0,0,0,0,1,0,0,0,0,0,0
dev_j1v,0,0,0,0,0,0,0,0,0,1,0,0
dev_TannerS,0,0,0,0,0,3,0,0,1,0,0,0
dev_christophehurpeau,0,0,0,0,0,0,2,0,0,0,0,0
dev_scyantist,0,0,1,0,0,0,0,0,0,0,0,0
dev_yunielrc,0,0,0,0,2,0,0,0,0,0,0,0
dev_pihomeserver,0,0,0,0,0,0,0,0,0,0,1,0
dev_roskyba,0,0,0,0,0,0,0,1,0,0,0,0
dev_larry-dalmeida,0,1,0,0,0,0,0,0,0,0,0,0
dev_driskell,0,0,0,0,0,0,0,0,0,0,1,0
dev_JCMais,1,0,0,0,0,0,0,0,0,0,0,0
dev_nihaals,0,0,1,0,0,0,0,0,0,0,0,0
dev_pcwiek,0,0,0,0,1,0,0,0,0,0,1,0
dev_pengliheng,0,0,0,0,1,0,0,0,0,0,0,0
dev_brunojppb,0,0,0,1,0,0,0,0,0,0,0,0
dev_meghanking,0,1,0,0,0,0,0,0,0,0,0,0
dev_dpyeates,0,0,0,0,0,2,0,0,1,0,0,3
dev_IevgeniiK-AVISPL,0,1,0,0,0,0,0,0,0,0,0,0
dev_hellolovebuxiu,0,0,0,0,0,0,0,0,0,0,1,0
dev_jfroffice,1,0,0,0,0,0,0,0,0,0,0,0
dev_mattcollier,0,0,0,0,0,0,0,0,0,1,0,0
dev_DanielPower,0,0,0,0,0,0,0,0,2,0,0,0
dev_stefanpoeter,0,0,0,0,0,0,0,0,0,0,1,0
dev_bmbrandx,0,0,1,0,0,0,0,0,0,0,0,0
dev_todorone,0,0,0,0,0,0,0,0,3,0,0,0
dev_davidkim10,0,0,0,0,0,2,0,0,0,0,0,0
dev_letanloc1998,0,0,0,1,0,0,0,0,0,0,0,0
dev_ivoilic,0,0,0,0,0,0,0,4,0,0,0,0
dev_thasmo,0,0,6,1,0,0,0,0,0,0,0,0
dev_Unded,0,0,0,0,0,0,0,9,0,0,0,0
dev_mateuszklinowski,0,0,0,0,0,0,0,0,0,0,0,1
dev_damccorm,0,1,0,0,0,0,0,0,0,0,0,0
dev_uyarn,0,0,0,0,0,0,0,1,0,0,0,0
dev_eclectic-coding,0,0,0,0,0,1,0,0,0,0,0,0
dev_l-hammer,0,0,0,0,0,0,0,0,0,0,1,0
dev_jf250315,0,0,0,0,0,0,0,0,0,0,0,2
dev_uralsemih,0,0,0,0,1,0,0,0,0,0,0,0
dev_Alex-Sessler,0,0,0,0,0,0,0,0,0,0,0,3
dev_samridhgupta,0,0,0,0,0,1,0,0,0,0,0,0
dev_cajotafer,0,0,0,0,0,0,0,0,1,0,0,0
dev_simoneb,0,0,0,0,0,0,0,0,7,2,0,0
dev_jrock2004,0,3,0,0,0,0,0,0,0,0,0,0
dev_kasia-basia,0,0,0,0,0,0,0,0,0,0,0,1
dev_matt-cote,0,0,0,0,0,0,0,0,0,1,0,0
dev_FrederickEngelhardt,0,0,0,0,0,0,0,0,0,0,1,0
dev_bfarrgaynor,0,0,0,0,0,0,0,0,0,1,0,0
dev_idrissakhi,0,0,0,0,0,0,0,0,0,0,0,2
dev_brentvatne,0,2,0,0,0,0,0,0,0,0,0,0
dev_anthony-telljohann,0,0,0,2,0,0,0,0,0,0,0,0
dev_elliotdickison,0,0,0,0,1,0,0,0,0,0,0,0
dev_chiaramooney,0,0,0,0,0,0,1,0,0,0,0,0
dev_connorlurring,1,0,0,0,0,0,0,0,0,0,0,0
dev_yansenlei,0,0,0,0,1,0,0,0,0,0,1,0
dev_eliasjnior,0,0,0,0,0,0,2,0,0,0,0,0
dev_webmasterpf,0,0,0,0,0,0,2,0,0,0,0,0
dev_ramiloif,0,1,0,0,0,0,0,0,0,0,0,0
dev_polyccon,0,0,0,0,1,0,0,0,0,0,0,0
dev_joshuajaco,0,0,2,0,0,0,0,0,0,0,0,0
dev_doberkofler,0,0,0,0,0,0,0,0,0,1,0,0
dev_dargmuesli,7,0,0,0,0,0,0,0,0,0,0,0
dev_kaneru,0,0,0,0,0,2,0,0,0,0,0,0
dev_TechChaitu,0,0,0,0,0,0,0,1,0,0,0,0
dev_hyoretsu,0,0,0,4,0,0,0,0,0,0,0,0
dev_UberMC,0,0,0,0,0,0,0,0,1,0,0,0
dev_Aigeec,0,0,0,0,1,0,0,0,0,0,3,0
dev_Mihai-github,0,0,0,0,0,0,0,0,0,0,3,0
dev_samcampisi,0,0,0,1,0,0,0,0,0,0,0,0
dev_sebas-jsm,0,0,0,0,0,1,0,0,0,0,0,0
dev_scesbron,0,0,0,0,0,0,0,0,0,0,0,1
dev_emmanuelm41,0,0,0,0,8,0,42,0,0,1,0,0
dev_lastrafda,1,0,0,0,0,0,0,0,0,0,0,0
dev_Schweinepriester,0,0,0,0,0,0,0,0,0,0,2,0
dev_vinayakkulkarni,0,0,0,3,1,0,0,0,0,0,0,0
dev_fluff,0,0,0,0,0,0,0,1,0,0,0,0
dev_pontusab,0,0,0,0,0,0,0,0,1,0,0,0
dev_kallebenunes,0,0,0,3,0,0,0,0,0,0,0,0
dev_nicocolascrete,0,0,1,0,0,0,0,0,0,0,0,0
dev_vanduc1102,0,0,0,0,0,0,0,0,1,0,0,0
dev_achen0115,0,0,0,0,0,0,0,0,0,3,0,0
dev_krishvoor,0,0,0,0,0,0,0,7,0,0,0,0
dev_yukinoda,0,0,0,0,0,0,0,0,5,0,0,0
dev_NikitaSikalov,0,0,2,0,0,0,0,0,0,0,0,0
dev_Trex28,0,0,1,0,0,0,0,0,0,0,0,0
dev_perdona,0,0,0,1,0,0,0,0,0,0,0,0
dev_mdartic,0,1,0,0,0,0,0,0,0,0,0,0
dev_dwiyatci,0,0,0,1,0,0,0,0,0,0,0,0
dev_jannikkeye,0,0,0,0,2,0,0,0,0,0,0,0
dev_mezalejandro,0,0,0,0,0,1,1,0,0,0,0,0
dev_zorji,0,0,0,0,0,0,4,0,0,0,0,0
dev_SeyyedKhandon,0,2,0,1,0,0,0,0,0,0,0,0
dev_LFMAKER,0,0,0,0,0,0,0,0,0,0,1,0
dev_solominh,0,0,2,0,0,0,0,0,0,0,0,0
dev_dthomason,0,0,0,0,0,0,0,0,0,0,0,1
dev_lukebars,0,0,0,1,0,0,0,0,0,0,0,0
dev_gustavopch,0,0,0,0,0,0,0,0,0,0,1,0
dev_mzvast,0,0,0,0,1,0,0,0,0,0,0,0
dev_KirillBudenko,0,0,0,0,0,1,0,0,0,0,0,0
dev_seanfcarroll,0,0,0,0,0,1,0,0,0,0,0,0
dev_existentialism,0,0,0,0,0,0,1,0,0,0,0,0
dev_ctsstc,0,0,0,0,0,0,0,0,0,0,1,0
dev_MaxWeisen,0,0,0,3,0,0,0,0,0,0,0,0
dev_ghedsouza,0,0,0,0,0,1,0,0,0,0,0,0
dev_teodorrd27,0,0,0,1,0,0,0,0,0,0,0,0
dev_hustcer,0,0,0,0,0,0,0,0,0,0,0,1
dev_jimmylee,0,0,0,0,0,0,1,0,0,0,0,0
dev_phantombill,0,0,0,0,0,0,0,0,1,0,0,0
dev_atul161,0,0,0,0,0,0,0,0,0,2,0,0
dev_ASH-Anthony,0,0,0,0,0,0,0,0,0,0,0,1
dev_fsuarez-globant,0,0,0,0,1,0,0,0,0,0,0,0
dev_Polyhistor,0,0,0,1,0,0,0,0,0,0,0,0
dev_AndrewMorsillo,1,0,0,0,0,0,0,0,0,0,0,0
dev_Messhias,1,1,0,0,0,0,0,0,0,0,0,0
dev_anaetrezve,0,0,1,0,0,0,0,0,0,0,0,0
dev_wooorm,0,0,5,0,0,0,0,0,0,0,5,0
dev_davidbiller,1,0,0,0,0,0,0,0,0,0,0,0
dev_dunklesToast,0,0,0,0,2,0,0,0,0,0,0,0
dev_joaocarmo,0,1,0,0,0,0,0,0,0,0,0,0
dev_darrenmothersele,2,0,0,0,0,0,0,0,0,0,1,1
dev_naishe,0,0,1,0,0,0,0,0,0,0,0,0
dev_chinfeng,0,0,0,0,0,1,0,0,0,0,0,0
dev_vidarc,0,0,0,0,0,0,0,0,0,0,1,0
dev_anurbecirovic,0,0,0,0,0,1,0,0,0,0,0,0
dev_Rob4226,0,0,0,0,0,0,0,1,0,0,0,0
dev_gremmil,0,0,1,0,0,0,0,0,0,0,0,0
dev_dschinkel,0,0,0,3,7,0,0,0,0,0,0,0
dev_AcidRaZor,0,0,0,0,0,0,0,0,0,0,0,1
dev_a2br,0,0,0,0,0,0,0,3,0,0,0,0
dev_PandaDev2021,0,0,0,0,0,0,1,0,0,0,0,0
dev_emiwidknowit,0,0,0,0,0,2,0,0,0,0,0,0
dev_Dramex,0,0,0,0,0,0,0,0,0,0,0,1
dev_hdmr14,0,1,0,0,0,0,0,0,0,0,0,0
dev_electerious,0,1,0,0,0,0,0,0,0,0,0,0
dev_YangJonghun,0,1,0,0,0,0,0,0,0,0,0,0
dev_Edely,0,0,0,0,2,0,0,0,0,0,0,0
dev_aaryavrate,0,0,0,0,0,0,0,0,0,0,0,2
dev_Squixx,0,0,0,0,0,0,0,0,0,0,0,1
dev_epetrsn,0,0,0,0,0,0,0,0,1,0,0,0
dev_rostyslavnikitin,0,0,0,0,0,0,0,2,0,0,0,0
dev_kettanaito,0,0,0,0,0,0,2,0,0,0,0,0
dev_RichardWright,3,1,1,0,0,0,0,0,0,0,0,0
dev_Jack-Barry,0,1,0,0,0,0,0,0,0,0,0,0
dev_TrejGun,0,0,0,0,0,0,0,2,0,0,0,0
dev_k2snowman69,0,0,0,0,0,0,0,0,0,0,1,0
dev_ThienNgn,0,0,0,0,0,0,0,0,0,0,1,0
dev_namrog84,0,0,0,0,0,0,1,0,0,0,0,0
dev_elencho,0,0,0,0,0,0,0,0,0,0,0,1
dev_DibyajyotiMishra,0,0,0,0,0,0,0,0,0,0,1,0
dev_WumaCoder,0,0,0,0,0,0,0,0,0,0,1,0
dev_dreadwail,0,0,0,1,0,0,0,0,0,0,0,0
dev_jfai,0,0,0,0,0,0,0,0,1,1,0,0
dev_yarsky-tgz,0,0,0,0,0,0,0,2,1,0,0,0
dev_bahtiyarerden,0,0,1,0,0,0,0,0,0,0,0,0
dev_ismay,0,0,2,0,4,0,0,0,0,0,0,0
dev_Hoishin,0,0,1,0,0,0,0,0,0,0,0,0
dev_rabiaah,0,0,0,0,0,0,0,0,0,0,1,1
dev_Reptarsrage,0,0,0,0,0,0,0,0,0,2,0,0
dev_srgg,0,0,1,0,0,0,0,0,0,0,0,0
dev_coderealm,0,0,0,0,0,0,0,0,0,0,3,0
dev_ricmello,0,0,0,1,0,0,0,0,0,0,0,0
dev_gruselhaus,0,0,0,0,0,0,0,1,0,0,0,0
dev_alex-all3dp,0,0,0,0,0,0,2,0,0,0,0,0
dev_Zkang0729,0,0,0,0,0,0,0,1,0,0,0,0
dev_zacdemi,0,1,0,0,0,0,0,0,0,0,0,0
dev_scramble45,2,0,0,0,0,0,0,0,0,0,0,0
dev_SquidwardHill,0,1,0,0,0,0,0,0,0,0,0,0
dev_np42,0,0,2,0,0,0,0,0,0,0,0,0
dev_egemon,1,0,0,0,0,0,0,0,0,0,0,1
dev_backbone87,0,1,1,0,0,0,0,0,0,0,0,0
dev_soffieprincess02,0,0,0,0,0,0,0,1,0,0,0,0
dev_a-eid,1,0,0,0,0,0,0,0,0,0,0,0
dev_inferusvv,0,0,0,0,0,1,0,0,0,0,0,0
dev_jhonmer-araujo,0,0,0,0,0,0,0,1,0,0,0,0
dev_PabloJomer,1,0,0,0,0,0,0,0,0,0,0,0
dev_ckpwong,0,0,1,0,0,0,0,0,0,0,0,0
dev_feugy,0,0,0,1,0,0,0,0,0,0,0,0
dev_orditeck,0,0,0,1,0,0,0,0,0,0,0,0
dev_ferretwithaberet,0,0,0,0,0,0,0,0,0,2,0,0
dev_mnlttt,1,0,0,0,5,0,0,0,0,0,0,0
dev_jonny-harte,0,0,0,0,0,0,0,0,0,1,0,0
dev_jhyman2,0,0,0,0,3,0,0,0,0,0,0,0
dev_JounQin,0,1,4,0,1,0,1,1,0,0,0,1
dev_charles-cit,1,0,0,0,0,0,0,0,0,0,0,0
dev_pakyinwww,0,0,0,1,0,0,0,0,0,0,0,0
dev_St80ene,0,0,0,0,0,1,0,0,0,0,0,0
dev_ajesamann,0,0,0,0,0,0,0,0,2,0,0,0
dev_rdmurphy,0,0,0,1,0,0,0,0,0,0,0,0
dev_ahaseeb001,0,0,0,0,0,0,0,0,0,0,0,1
dev_sliminas,0,0,1,0,0,0,0,0,0,0,0,0
dev_builtschlegel,0,0,0,0,1,0,0,0,0,0,0,0
dev_cmacdonnacha,0,0,0,0,0,0,0,3,0,0,0,0
dev_markwoon,0,0,0,0,1,0,0,0,0,0,0,0
dev_jmtelljohann,0,0,1,0,0,0,0,0,0,0,0,0
dev_kj800x,0,0,0,0,0,1,0,0,0,0,0,0
dev_andershoedholt,1,0,0,0,0,0,0,0,0,0,0,0
dev_MrCoder,0,1,0,0,0,0,0,0,0,0,0,0
dev_nthornton2010,0,0,0,0,0,0,0,0,0,0,1,0
dev_shukla-yogesh,0,0,0,0,1,0,0,0,0,0,0,0
dev_glensc,0,0,0,0,0,0,0,0,1,0,1,0
dev_sebreens,0,0,0,0,1,0,0,0,0,0,0,0
dev_christian-hawk,0,0,0,0,0,0,0,1,0,0,0,0
dev_dolegi,1,0,0,0,0,0,0,0,0,0,0,0
dev_balzdur,0,1,0,0,0,0,0,0,0,0,0,0
dev_dacevedo12,0,0,0,0,0,1,0,0,0,0,0,0
dev_Chris-Thompson-bnsf,0,0,1,0,0,0,0,0,0,0,0,0
dev_Ubax,0,0,0,0,0,0,0,32,0,0,0,0
dev_peaceful-james,0,0,0,0,0,0,0,1,0,0,0,0
dev_chrisblossom,0,0,0,0,0,1,0,0,0,0,0,0
dev_alexander-akait,2,7,0,0,9,2,10,6,0,2,10,0
dev_SuperITMan,0,1,0,0,0,0,0,0,0,0,0,0
dev_ljharb,6,22,16,12,15,8,26,6,3,9,22,5
dev_mayureshhalarnkar,0,0,0,0,0,1,0,0,0,0,0,0
dev_hussainahmad,1,0,0,0,0,0,0,0,0,0,0,0
dev_icetbr,0,0,0,0,0,1,0,0,0,0,0,0
dev_iamabdulhaseeb,1,0,0,0,0,0,0,0,0,0,0,0
dev_afc163,0,0,1,0,0,0,0,0,0,0,0,0
dev_Stas-Buzunko,1,0,0,0,0,0,0,0,0,0,0,0
dev_PatrLind,0,0,0,0,0,0,0,0,0,2,0,0
dev_mebsahle,0,0,0,0,0,1,0,0,0,0,0,0
dev_JLHwung,0,2,4,12,2,7,3,0,0,1,10,0
dev_najibla,0,2,0,0,0,0,0,0,0,0,0,0
dev_ArtemKosiakevych,0,0,0,1,0,0,0,0,0,0,0,0
dev_my-name-is-nheo,0,0,1,0,0,0,0,0,0,0,0,0
dev_SpeedOfSpin,0,0,0,0,0,0,0,0,0,0,0,1
dev_orzhtml,0,0,1,0,0,0,0,0,0,0,0,0
dev_PrzemyslawSarnacki,0,0,0,1,0,0,0,0,0,0,0,0
dev_jkadamczyk,8,0,0,0,2,0,0,0,0,0,0,0
dev_kmannislands,0,0,0,0,0,0,0,0,1,0,0,0
dev_novaknole,0,0,0,0,3,0,0,0,0,0,0,0
dev_pranas,0,0,0,0,0,0,0,0,0,0,0,1
dev_efraindx,0,0,0,0,0,0,1,0,0,0,0,0
dev_DylanCulfogienis,0,0,0,0,1,0,0,0,0,0,0,0
dev_kloots,0,0,1,0,0,0,0,0,0,0,0,0
dev_sansui-orz,0,0,0,0,0,0,0,0,0,0,0,1
dev_wanglong167,0,0,1,0,0,0,0,0,0,0,0,0
dev_y1n0,0,0,0,1,0,0,0,0,0,0,0,0
dev_mo-sharif,0,1,0,0,0,0,0,0,0,0,0,0
dev_Lutic,0,1,0,0,0,0,0,0,0,0,0,0
dev_denhub,0,0,0,0,0,0,1,0,0,0,0,0
dev_mudssky,0,0,0,1,0,0,0,0,0,0,0,0
dev_sally2015,0,0,0,0,0,0,0,0,0,0,0,1
dev_DoctorDerek,0,0,0,15,1,0,3,0,0,0,0,0
dev_ernestasgobionis,0,0,0,0,0,0,0,0,0,0,0,1
dev_nicolo-ribaudo,3,1,5,9,5,5,0,3,0,1,0,0
dev_rytisbac,0,0,1,0,0,0,0,0,0,0,0,0
dev_josdejong,0,0,0,1,0,0,0,0,0,0,0,0
dev_hanoisteve,0,1,0,0,0,0,0,0,0,0,0,0
dev_McTango-AR,0,0,0,0,0,0,0,1,0,0,0,0
dev_aarpitgoel,0,1,0,0,0,0,0,0,0,0,0,0
dev_AhmedBHameed,0,0,0,0,0,0,0,0,1,0,0,0
dev_sonnen-athene,0,0,0,0,0,0,0,0,0,0,1,0
dev_Yuliang-Lee,0,0,0,0,0,0,0,0,0,0,1,0
dev_arnaudbzn,0,0,0,0,2,0,0,0,0,0,0,0
dev_neilveil,0,0,1,0,0,0,0,0,0,0,0,0
dev_kiskoza,0,0,0,0,0,0,0,0,0,0,1,1
dev_anastasiia-tripuz,0,0,0,0,0,0,1,0,0,0,0,0
dev_namcusamlc,0,0,0,0,0,0,0,0,0,1,0,0
dev_mikeriley131,0,1,0,0,0,0,0,0,0,0,0,0
dev_andrewdingcanada8,0,0,0,0,1,0,0,0,0,0,0,0
dev_omarrendon,0,0,0,0,0,0,0,0,0,0,0,1
dev_ecstoic47,0,0,0,0,0,0,1,0,0,0,0,0
dev_isotopeee,0,0,0,0,0,0,0,0,0,0,0,1
dev_marc-wittwer,0,0,1,0,0,0,0,0,0,0,0,0
dev_izakfilmalter,0,0,0,0,0,0,0,0,0,1,1,0
dev_DonikaV,0,0,0,0,0,0,0,0,0,0,3,0
dev_cronon,0,0,0,0,0,0,0,1,0,0,0,0
dev_aditya1711,0,0,0,0,1,0,0,0,0,0,0,0
dev_jesusrv92,0,0,0,2,0,0,0,0,0,0,0,0
dev_Rimin,0,0,3,0,0,0,0,0,0,0,0,0
dev_Narretz,0,0,0,0,0,0,0,1,0,0,0,0
dev_leevers,0,0,2,0,0,0,0,0,0,0,0,0
dev_anatooly,0,0,0,0,0,0,0,0,0,0,1,0
dev_tomaszczechowski,0,0,0,0,0,0,0,1,0,0,0,0
dev_DevRMahdi,0,0,0,0,1,0,0,0,0,0,0,0
dev_manutero,0,0,1,0,0,0,0,0,0,0,0,0
dev_voxpelli,0,1,3,0,0,0,0,0,0,0,0,0
dev_arlukin,0,0,0,0,1,0,0,0,0,0,0,0
dev_craig552uk,0,0,0,0,1,0,0,0,0,0,0,0
dev_tharrison4815,0,0,0,0,0,0,1,0,0,0,0,0
dev_Slayug,0,0,0,0,0,0,0,1,0,0,0,0
dev_adrianolangaro1,0,0,1,0,0,0,0,0,0,0,0,0
dev_ydmitry,0,0,0,0,1,0,0,0,0,0,0,0
dev_karo-dc,0,3,0,0,0,0,0,0,0,0,0,0
dev_sherrodejjohnson,0,0,0,0,0,0,0,0,0,0,1,0
dev_hongrunhui,0,0,0,0,2,0,0,0,0,0,0,0
dev_mysterycommand,0,0,1,0,0,0,0,0,0,0,0,0
dev_ramesius,0,0,0,0,0,0,0,0,0,0,0,1
dev_Awen-hub,0,0,0,0,0,0,0,0,0,0,0,1
dev_rhuanbarreto,0,0,0,0,0,0,0,3,0,0,0,0
dev_JetPlaneJJ,0,0,0,0,0,0,0,0,0,1,0,0
dev_jhodapp,1,0,0,0,0,0,0,0,0,0,0,0
dev_Mandra-dev,0,0,0,0,0,0,0,0,1,0,0,0
dev_honia19,0,2,0,0,0,0,0,0,0,0,0,0
dev_rvaidya-perfectserve,0,0,0,0,0,0,0,0,0,1,0,0
dev_EchoZhaoH,0,0,0,0,0,0,0,0,0,0,0,1
dev_kmkrish007,1,0,0,0,0,0,0,0,0,0,0,0
dev_AbdelhayA0100,0,0,0,2,0,0,0,0,0,0,0,0
dev_thahaac,0,0,0,0,0,0,0,0,0,0,3,0
dev_erkie,0,0,1,0,0,0,0,0,0,0,0,0
dev_ahermant,0,0,0,0,0,1,0,0,0,0,0,0
dev_Sufiane,0,0,0,1,0,0,0,0,0,0,0,0
dev_SudoPlz,0,0,0,0,0,1,0,0,0,0,0,0
dev_h0nor,0,0,0,0,0,0,0,1,0,0,0,0
dev_anwersolangi,0,0,0,0,0,0,0,0,1,0,0,0
dev_itsluispatricio,0,0,0,1,0,0,0,0,0,0,0,0
dev_BurntCoffee543,0,0,0,0,0,1,0,0,0,0,0,0
dev_Jolg42,0,0,0,0,0,0,1,0,0,0,0,0
dev_michaelknoch,0,0,0,0,0,0,0,0,0,0,0,1
dev_LuisValgoi,0,0,0,0,1,0,0,0,0,0,0,0
dev_anbraten,0,0,1,0,0,0,0,0,0,0,0,0
dev_hueniverse,0,0,0,0,0,0,0,0,0,0,0,2
dev_jamo,0,0,0,0,0,0,2,0,0,0,0,0
dev_systemride,0,0,0,0,0,0,0,0,0,0,4,0
dev_tehlordvortex,0,0,0,0,1,0,0,0,0,0,0,0
dev_nemchik,0,2,0,8,0,0,0,0,0,0,1,0
dev_jpribyl,0,0,1,0,0,0,0,0,0,0,0,0
dev_Hanv2itedu,0,0,0,0,0,0,0,0,0,0,0,1
dev_moak,0,0,0,1,0,0,0,0,0,0,0,0
dev_sudheerpal,2,0,0,0,0,0,0,0,0,0,0,0
dev_DmitryOlkhovoi,0,0,2,0,0,0,0,0,0,0,0,0
dev_scottbarrow,0,0,0,0,0,1,0,0,0,0,0,0
dev_aamagda,0,0,0,0,0,0,0,0,0,0,0,2
dev_seancheung,0,0,0,0,0,1,0,0,0,0,0,0
dev_xinkule,0,0,0,0,0,0,1,0,0,0,0,0
dev_jadonk,0,0,4,0,0,0,0,0,0,0,0,0
dev_RWOverdijk,0,0,0,0,0,0,0,0,1,0,0,0
dev_artificial-aidan,0,0,0,0,0,0,0,3,0,0,0,0
dev_BricePissard,0,0,0,0,0,0,0,0,0,0,0,2
dev_Navipro70,0,0,0,0,0,0,1,0,0,2,0,0
dev_PixelDev0,2,0,0,0,0,0,0,0,0,0,0,0
dev_emanuallan,0,0,0,0,0,0,0,0,0,0,4,0
dev_timo-kang,0,0,0,0,0,0,0,0,0,0,0,1
dev_fi-nik,1,0,0,0,0,0,0,0,0,0,0,0
dev_malept,0,18,3,3,18,7,34,7,5,1,7,3
dev_weibeu,0,1,0,0,0,0,0,0,0,0,0,0
dev_thierrylamarre,0,0,0,0,0,0,0,0,0,0,3,0
dev_jawnsy,0,0,0,0,1,0,0,0,0,0,0,0
dev_ankitjena,0,0,0,0,0,0,0,0,1,0,0,0
dev_typicode,273,111,155,48,53,31,60,12,14,6,1,0
dev_Nanchenk,0,0,2,0,0,0,1,0,0,0,0,0
dev_emartini,0,0,0,0,0,0,1,0,0,0,0,0
dev_serdarosmanonur,0,0,0,0,0,0,0,1,0,0,0,0
dev_jonnytest1,0,0,0,0,0,0,0,0,0,1,0,0
dev_nerdess,0,0,0,0,1,0,0,0,0,0,0,0
dev_kalm42,0,0,0,0,1,0,0,0,0,0,0,0
dev_stevecondylios,0,0,0,0,1,0,0,0,0,0,0,0
dev_UsamaHameed,0,0,2,0,0,0,0,0,0,0,0,0
dev_pddpd,0,0,0,0,0,0,0,0,1,0,0,0
dev_mdblr,0,0,0,1,0,0,0,0,0,0,0,0
dev_ikimiler,0,0,0,0,0,0,0,0,1,0,0,0
dev_Aghassi,0,0,0,0,0,0,0,0,0,0,1,0
dev_Minori-ty,0,0,0,0,0,0,0,0,1,0,0,0
dev_Ajeossi-Mz,0,0,0,0,0,0,0,0,0,1,0,0
dev_hekike,2,0,0,1,2,0,0,0,0,0,0,0
dev_mmarchini,0,0,3,0,0,0,0,0,14,0,0,0
dev_YLzpppp,0,0,0,0,0,0,0,0,0,0,0,1
dev_luizwbr,0,0,0,0,0,2,0,0,0,0,0,0
dev_tomaszdudek7,0,0,0,0,0,0,0,0,0,0,1,0
dev_williamdes,0,0,0,0,1,0,0,0,0,0,0,0
dev_otakustay,0,0,1,0,0,0,0,0,0,0,0,0
dev_soheil06791,1,0,0,0,0,0,0,0,0,0,0,0
dev_OmgImAlexis,0,0,0,0,0,0,0,0,0,0,0,1
dev_andyngdz,0,0,0,0,1,0,0,0,0,0,0,0
dev_cwagner22,1,0,0,0,0,0,0,0,0,0,0,0
dev_anshumanv,0,0,0,0,0,0,0,1,0,0,0,0
dev_SkeLLLa,0,0,0,1,0,0,0,0,0,0,0,0
dev_onigoetz,0,0,0,0,0,0,0,0,0,0,0,5
dev_baralong,0,0,1,0,0,0,0,0,0,0,0,0
dev_borishere,0,0,0,1,0,0,0,0,0,0,0,0
dev_josuevalrob,0,1,0,0,0,0,0,0,0,0,0,0
dev_bnbarak,0,2,0,0,0,0,0,0,0,0,0,0
dev_WenLonG12345,0,0,0,0,0,0,0,0,0,0,0,1
dev_eueid,0,1,0,0,0,0,0,0,0,0,0,0
dev_1alexvash,0,0,0,2,0,0,0,0,0,0,0,0
dev_john-cognizant,0,0,0,0,0,0,0,0,0,0,0,1
dev_PradeepJaiswar,0,1,0,0,0,0,0,0,0,0,0,0
dev_Stanisds12,0,0,0,0,0,0,1,0,0,0,0,0
dev_jantimon,0,0,0,0,0,0,0,0,1,0,0,0
dev_nlf,12,6,0,0,0,0,0,0,0,0,0,0
dev_TimvdLippe,0,0,0,0,1,0,0,0,0,0,0,0
dev_JamiesWhiteShirt,0,0,0,0,0,0,0,0,0,0,1,0
dev_vigzmv,0,0,0,0,6,0,0,0,0,0,0,0
dev_avakin,0,0,0,0,0,1,0,0,0,0,0,0
dev_bennycode,0,0,0,2,0,0,0,0,0,0,0,0
dev_CarlosAlberto1x9,0,0,0,0,0,1,0,0,0,0,0,0
dev_rebekahw,0,0,0,0,0,0,0,0,0,0,0,1
dev_adamesque,0,0,0,1,0,0,0,0,0,0,0,0
dev_f0x52,0,0,0,0,0,3,0,0,0,0,0,0
dev_nmhung2022,0,0,0,0,0,1,0,0,0,0,0,0
dev_bgalek,0,0,0,0,1,0,1,0,0,0,0,0
dev_TNicholson11,0,0,0,1,0,1,1,0,0,0,0,0
dev_stephenkopylov,0,0,0,0,0,0,0,0,0,0,1,1
dev_mikeaustin,0,0,0,0,0,1,0,0,0,0,0,0
dev_philvoyer,2,0,0,0,0,0,0,0,0,0,0,0
dev_walkerrandolphsmith,0,0,0,0,2,0,0,0,0,0,0,0
dev_DaiQiangReal,0,0,0,0,0,0,0,0,0,0,0,1
dev_satya164,0,5,0,0,0,0,0,2,0,0,0,0
dev_yoavain,0,0,1,0,0,0,0,0,0,0,0,0
dev_rahulgajjar,0,0,0,0,0,0,0,0,1,0,0,0
dev_ulbekovad,0,1,0,0,0,0,0,0,0,0,0,0
dev_brpsmith,0,0,0,0,0,0,0,0,0,0,1,0
dev_zxf4399,0,9,0,0,0,0,0,0,0,0,0,0
dev_shivapoudel,0,0,0,0,2,0,3,0,0,0,0,0
dev_gaspard-hk,0,0,0,1,0,0,0,0,0,0,0,0
dev_stereodenis,0,1,0,0,0,0,0,0,0,0,0,0
dev_duc-talentwunder,0,0,0,0,1,0,0,0,0,0,0,0
dev_paimon0715,0,0,0,0,0,0,1,0,0,0,0,0
dev_Avivhdr,0,0,0,0,0,0,0,0,1,0,1,0
dev_inhaq,0,2,0,0,0,0,0,0,0,0,0,0
dev_mordv,0,0,0,0,0,1,0,0,0,0,0,0
dev_mazzomix,0,0,0,0,0,0,0,0,0,0,3,0
dev_anirudh1200,0,0,3,0,0,0,0,0,0,0,0,0
dev_JoCa96,0,0,0,0,0,0,1,0,0,0,0,0
dev_JanFellner,0,0,2,0,0,0,0,0,0,0,0,0
dev_mdurchholz,0,1,0,0,0,0,0,0,0,0,0,0
dev_GreatDseven,0,0,0,0,0,0,0,0,0,0,1,0
dev_deltakroneker,1,0,0,0,0,0,0,0,0,0,0,0
dev_darcyclarke,1,0,0,0,0,0,0,0,0,0,0,0
dev_lincolnBerlick,0,0,0,0,0,0,0,0,0,0,1,0
dev_paulsmithkc,0,0,0,0,0,0,0,2,0,0,0,0
dev_shuidaan,0,1,0,0,0,0,0,0,0,0,0,0
dev_arvinsim,1,1,0,0,0,0,0,0,0,0,0,0
dev_hervegbedji,0,0,0,0,0,1,0,0,0,0,0,0
dev_aleksblendwerk,0,0,0,0,1,0,0,0,0,0,0,0
dev_andresmatasuarez,0,0,0,0,0,0,0,1,0,0,0,0
dev_patrickjaja,0,0,0,0,1,0,0,0,0,0,0,0
dev_adamreisnz,0,0,0,0,1,0,0,0,0,0,0,0
dev_iliaskarim,0,0,0,0,0,0,0,0,1,0,0,0
dev_mvoorberg,0,0,0,0,0,0,0,0,0,0,1,0
dev_Gentlee,0,0,0,0,0,0,0,0,1,0,0,0
dev_alexeyten,0,0,0,0,0,0,0,0,0,1,0,0
dev_NicholasLoh,0,0,0,1,0,0,0,0,0,0,0,0
dev_alirezaebiii,0,0,2,0,0,0,0,0,0,0,0,0
dev_wvddrss,0,0,0,0,0,0,0,0,2,0,0,0
dev_nanxiaobei,0,1,0,0,0,0,0,0,0,0,0,0
dev_balazs31,0,0,0,0,0,1,0,0,0,0,0,0
dev_MuhammadArsalan472121,0,0,0,0,0,0,0,1,0,0,0,0
dev_randombitsUK,0,0,0,0,0,0,0,0,0,0,1,0
dev_axelboc,0,0,1,0,0,0,0,0,0,0,0,0
dev_bardliu,0,0,0,0,0,0,0,0,0,0,0,2
dev_Yuweiai,0,0,1,0,0,0,0,0,0,0,0,0
dev_rationalthinker1,0,0,0,0,0,0,0,0,3,0,0,0
dev_barrettnuzum,0,0,0,0,0,0,0,0,0,0,1,0
dev_isabellaskc,0,0,0,1,0,0,0,0,0,0,0,0
dev_rpilev,0,1,0,0,0,0,0,0,0,0,0,0
dev_ceddybi,0,0,0,0,0,0,0,0,3,0,0,0
dev_YenTingWu,0,0,0,0,0,0,0,0,0,0,0,1
dev_kherock,0,0,0,0,0,0,0,0,0,1,0,0
dev_jaygupt,0,0,0,0,0,1,0,0,0,0,0,0
dev_danychi,1,0,0,0,0,0,0,0,0,0,0,0
dev_dfquicazanr,0,0,0,0,1,0,0,0,0,0,0,0
dev_Bo98,0,0,0,0,0,0,0,0,0,0,0,1
dev_Cavitt,1,0,0,0,0,0,0,0,0,0,0,0
dev_uidev547,0,0,0,0,0,0,0,0,0,0,0,2
dev_JuanCaicedo,0,0,0,1,0,0,0,0,0,0,0,0
dev_aleksandr-senichev,0,0,0,0,0,0,0,0,0,0,1,1
dev_LinusU,0,0,0,0,0,0,0,0,1,0,0,0
dev_Ashoat,0,0,0,0,0,0,2,0,0,0,0,0
dev_PeiLiao,0,0,1,0,0,0,0,0,0,0,0,0
dev_OsvaldoRino,0,0,0,1,0,0,0,0,0,0,0,0
dev_T04435,0,1,0,0,0,0,0,0,0,0,0,0
dev_dfabreguette-ap,0,0,0,0,0,0,0,0,0,0,2,0
dev_hakimehmordadi,0,0,0,0,0,0,0,5,0,0,0,0
dev_tsmartt,0,0,0,0,0,1,0,0,0,0,0,0
dev_broofa,18,5,4,0,2,5,0,0,0,0,8,1
dev_luisFebro,0,1,0,0,0,0,0,0,0,0,0,0
dev_Schwartz10,0,3,7,0,0,0,4,0,0,0,1,0
dev_grit96,0,0,0,1,0,0,0,0,0,0,0,0
dev_Yaminipodugu,0,0,0,0,1,0,0,0,0,0,0,0
dev_codinggnome,0,0,0,0,0,0,0,0,1,0,0,0
dev_gabrielgrover,0,0,0,0,0,0,1,0,0,0,0,0
dev_pribeh,0,0,0,1,0,0,0,0,0,0,0,0
dev_federicot,0,0,0,0,0,0,0,0,0,0,2,1
dev_matheusggds,0,0,0,1,0,0,0,0,0,0,0,0
dev_chgsilva,0,0,1,0,0,0,0,0,0,0,0,0
dev_MichaelDeBoey,0,0,0,0,0,0,0,9,0,0,0,0
dev_baptisteArno,0,0,0,0,0,0,0,0,0,0,0,1
dev_lucaslamar,0,0,0,0,0,1,0,0,0,0,0,0
dev_chovyprognos,0,0,0,1,0,1,1,0,0,0,0,0
dev_oskarolsson-jimdo,0,0,0,2,0,0,0,0,0,0,0,0
dev_Jackmekiss,0,0,2,0,2,0,0,0,0,0,0,0
dev_Safiul-Alam-Sarker,0,0,0,0,0,1,0,0,0,0,0,0
dev_BuistvoPloti,0,0,0,0,0,0,0,1,0,0,0,0
dev_tchittesh,0,0,0,0,0,0,1,0,0,0,0,0
dev_niekcandaele,0,0,0,1,0,0,0,0,0,0,0,0
dev_ethanneff,0,2,0,0,0,0,0,0,0,0,0,2
dev_timothyerwin,0,0,1,0,0,0,0,0,0,0,0,0
dev_nbelakovski,0,0,0,0,0,1,0,0,0,0,0,0
dev_HariBejju,0,0,0,0,0,0,1,0,0,0,0,0
dev_joy-betterhalf,0,0,0,0,0,0,0,0,0,1,0,0
dev_aniforprez,1,0,0,0,0,0,0,0,0,0,0,0
dev_Halu95,0,0,0,0,0,1,0,0,0,0,0,0
dev_neroneroffy,0,0,1,0,0,0,0,0,0,0,0,0
dev_jeremy-coleman,0,1,0,0,0,0,0,0,0,0,0,0
dev_samleurs247,0,0,0,0,0,0,0,0,0,0,0,1
dev_SeongwoonHong,0,0,0,0,0,0,0,0,1,0,0,0
dev_antoniojps,0,1,0,0,0,0,0,0,0,0,0,0
dev_ext,0,0,1,1,1,0,0,0,1,0,0,0
dev_rafahuaman,0,0,0,0,0,0,0,0,1,0,0,0
